pathDatasets;nameDataset;pathSummaries;nameSummary;pathIndexes;pathRangeQueries;nameRangeQueries
datasets/datasets_demo_small;dataset0001.csv;summaries;sum_datasets_demo_small.csv;indexes/datasets_demo_small/dataset0001_spatialIndex;rangeQueriesInputs;rqI_datasets_demo_small.csv
datasets/datasets_demo_small;dataset0002.csv;summaries;sum_datasets_demo_small.csv;indexes/datasets_demo_small/dataset0002_spatialIndex;rangeQueriesInputs;rqI_datasets_demo_small.csv
datasets/datasets_demo_small;dataset0003.csv;summaries;sum_datasets_demo_small.csv;indexes/datasets_demo_small/dataset0003_spatialIndex;rangeQueriesInputs;rqI_datasets_demo_small.csv
datasets/datasets_demo_small;dataset0004.csv;summaries;sum_datasets_demo_small.csv;indexes/datasets_demo_small/dataset0004_spatialIndex;rangeQueriesInputs;rqI_datasets_demo_small.csv
datasets/datasets_demo_small;dataset0005.csv;summaries;sum_datasets_demo_small.csv;indexes/datasets_demo_small/dataset0005_spatialIndex;rangeQueriesInputs;rqI_datasets_demo_small.csv
datasets/datasets_demo_small;dataset0006.csv;summaries;sum_datasets_demo_small.csv;indexes/datasets_demo_small/dataset0006_spatialIndex;rangeQueriesInputs;rqI_datasets_demo_small.csv
datasets/datasets_demo_small;dataset0007.csv;summaries;sum_datasets_demo_small.csv;indexes/datasets_demo_small/dataset0007_spatialIndex;rangeQueriesInputs;rqI_datasets_demo_small.csv
datasets/datasets_demo_small;dataset0008.csv;summaries;sum_datasets_demo_small.csv;indexes/datasets_demo_small/dataset0008_spatialIndex;rangeQueriesInputs;rqI_datasets_demo_small.csv
datasets/datasets_demo_small;dataset0009.csv;summaries;sum_datasets_demo_small.csv;indexes/datasets_demo_small/dataset0009_spatialIndex;rangeQueriesInputs;rqI_datasets_demo_small.csv
datasets/datasets_demo_small;dataset0010.csv;summaries;sum_datasets_demo_small.csv;indexes/datasets_demo_small/dataset0010_spatialIndex;rangeQueriesInputs;rqI_datasets_demo_small.csv
datasets/datasets_demo_small;dataset0011.csv;summaries;sum_datasets_demo_small.csv;indexes/datasets_demo_small/dataset0011_spatialIndex;rangeQueriesInputs;rqI_datasets_demo_small.csv
datasets/datasets_demo_small;dataset0012.csv;summaries;sum_datasets_demo_small.csv;indexes/datasets_demo_small/dataset0012_spatialIndex;rangeQueriesInputs;rqI_datasets_demo_small.csv
datasets/datasets_demo_small;dataset0013.csv;summaries;sum_datasets_demo_small.csv;indexes/datasets_demo_small/dataset0013_spatialIndex;rangeQueriesInputs;rqI_datasets_demo_small.csv
datasets/datasets_demo_small;dataset0014.csv;summaries;sum_datasets_demo_small.csv;indexes/datasets_demo_small/dataset0014_spatialIndex;rangeQueriesInputs;rqI_datasets_demo_small.csv
datasets/datasets_demo_small;dataset0015.csv;summaries;sum_datasets_demo_small.csv;indexes/datasets_demo_small/dataset0015_spatialIndex;rangeQueriesInputs;rqI_datasets_demo_small.csv
datasets/datasets_demo_small;dataset0016.csv;summaries;sum_datasets_demo_small.csv;indexes/datasets_demo_small/dataset0016_spatialIndex;rangeQueriesInputs;rqI_datasets_demo_small.csv
datasets/datasets_demo_small;dataset0017.csv;summaries;sum_datasets_demo_small.csv;indexes/datasets_demo_small/dataset0017_spatialIndex;rangeQueriesInputs;rqI_datasets_demo_small.csv
datasets/datasets_demo_small;dataset0018.csv;summaries;sum_datasets_demo_small.csv;indexes/datasets_demo_small/dataset0018_spatialIndex;rangeQueriesInputs;rqI_datasets_demo_small.csv
datasets/datasets_demo_small;dataset0019.csv;summaries;sum_datasets_demo_small.csv;indexes/datasets_demo_small/dataset0019_spatialIndex;rangeQueriesInputs;rqI_datasets_demo_small.csv
datasets/datasets_demo_small;dataset0020.csv;summaries;sum_datasets_demo_small.csv;indexes/datasets_demo_small/dataset0020_spatialIndex;rangeQueriesInputs;rqI_datasets_demo_small.csv
datasets/datasets_demo_small;dataset0021.csv;summaries;sum_datasets_demo_small.csv;indexes/datasets_demo_small/dataset0021_spatialIndex;rangeQueriesInputs;rqI_datasets_demo_small.csv
datasets/datasets_demo_small;dataset0022.csv;summaries;sum_datasets_demo_small.csv;indexes/datasets_demo_small/dataset0022_spatialIndex;rangeQueriesInputs;rqI_datasets_demo_small.csv
datasets/datasets_demo_small;dataset0023.csv;summaries;sum_datasets_demo_small.csv;indexes/datasets_demo_small/dataset0023_spatialIndex;rangeQueriesInputs;rqI_datasets_demo_small.csv
datasets/datasets_demo_small;dataset0024.csv;summaries;sum_datasets_demo_small.csv;indexes/datasets_demo_small/dataset0024_spatialIndex;rangeQueriesInputs;rqI_datasets_demo_small.csv
datasets/datasets_demo_small;dataset0025.csv;summaries;sum_datasets_demo_small.csv;indexes/datasets_demo_small/dataset0025_spatialIndex;rangeQueriesInputs;rqI_datasets_demo_small.csv
datasets/datasets_demo_small;dataset0026.csv;summaries;sum_datasets_demo_small.csv;indexes/datasets_demo_small/dataset0026_spatialIndex;rangeQueriesInputs;rqI_datasets_demo_small.csv
datasets/datasets_demo_small;dataset0027.csv;summaries;sum_datasets_demo_small.csv;indexes/datasets_demo_small/dataset0027_spatialIndex;rangeQueriesInputs;rqI_datasets_demo_small.csv
datasets/datasets_demo_small;dataset0028.csv;summaries;sum_datasets_demo_small.csv;indexes/datasets_demo_small/dataset0028_spatialIndex;rangeQueriesInputs;rqI_datasets_demo_small.csv
datasets/datasets_demo_small;dataset0029.csv;summaries;sum_datasets_demo_small.csv;indexes/datasets_demo_small/dataset0029_spatialIndex;rangeQueriesInputs;rqI_datasets_demo_small.csv
datasets/datasets_demo_small;dataset0030.csv;summaries;sum_datasets_demo_small.csv;indexes/datasets_demo_small/dataset0030_spatialIndex;rangeQueriesInputs;rqI_datasets_demo_small.csv
datasets/datasets_demo_small;dataset0031.csv;summaries;sum_datasets_demo_small.csv;indexes/datasets_demo_small/dataset0031_spatialIndex;rangeQueriesInputs;rqI_datasets_demo_small.csv
datasets/datasets_demo_small;dataset0032.csv;summaries;sum_datasets_demo_small.csv;indexes/datasets_demo_small/dataset0032_spatialIndex;rangeQueriesInputs;rqI_datasets_demo_small.csv
datasets/datasets_demo_small;dataset0033.csv;summaries;sum_datasets_demo_small.csv;indexes/datasets_demo_small/dataset0033_spatialIndex;rangeQueriesInputs;rqI_datasets_demo_small.csv
datasets/datasets_demo_small;dataset0034.csv;summaries;sum_datasets_demo_small.csv;indexes/datasets_demo_small/dataset0034_spatialIndex;rangeQueriesInputs;rqI_datasets_demo_small.csv
datasets/datasets_demo_small;dataset0035.csv;summaries;sum_datasets_demo_small.csv;indexes/datasets_demo_small/dataset0035_spatialIndex;rangeQueriesInputs;rqI_datasets_demo_small.csv
datasets/datasets_demo_small;dataset0036.csv;summaries;sum_datasets_demo_small.csv;indexes/datasets_demo_small/dataset0036_spatialIndex;rangeQueriesInputs;rqI_datasets_demo_small.csv
datasets/datasets_demo_small;dataset0037.csv;summaries;sum_datasets_demo_small.csv;indexes/datasets_demo_small/dataset0037_spatialIndex;rangeQueriesInputs;rqI_datasets_demo_small.csv
datasets/datasets_demo_small;dataset0038.csv;summaries;sum_datasets_demo_small.csv;indexes/datasets_demo_small/dataset0038_spatialIndex;rangeQueriesInputs;rqI_datasets_demo_small.csv
datasets/datasets_demo_small;dataset0039.csv;summaries;sum_datasets_demo_small.csv;indexes/datasets_demo_small/dataset0039_spatialIndex;rangeQueriesInputs;rqI_datasets_demo_small.csv
datasets/datasets_demo_small;dataset0040.csv;summaries;sum_datasets_demo_small.csv;indexes/datasets_demo_small/dataset0040_spatialIndex;rangeQueriesInputs;rqI_datasets_demo_small.csv
datasets/datasets_demo_small;dataset0041.csv;summaries;sum_datasets_demo_small.csv;indexes/datasets_demo_small/dataset0041_spatialIndex;rangeQueriesInputs;rqI_datasets_demo_small.csv
datasets/datasets_demo_small;dataset0042.csv;summaries;sum_datasets_demo_small.csv;indexes/datasets_demo_small/dataset0042_spatialIndex;rangeQueriesInputs;rqI_datasets_demo_small.csv
datasets/datasets_demo_small;dataset0043.csv;summaries;sum_datasets_demo_small.csv;indexes/datasets_demo_small/dataset0043_spatialIndex;rangeQueriesInputs;rqI_datasets_demo_small.csv
datasets/datasets_demo_small;dataset0044.csv;summaries;sum_datasets_demo_small.csv;indexes/datasets_demo_small/dataset0044_spatialIndex;rangeQueriesInputs;rqI_datasets_demo_small.csv
datasets/datasets_demo_small;dataset0045.csv;summaries;sum_datasets_demo_small.csv;indexes/datasets_demo_small/dataset0045_spatialIndex;rangeQueriesInputs;rqI_datasets_demo_small.csv
datasets/datasets_demo_small;dataset0046.csv;summaries;sum_datasets_demo_small.csv;indexes/datasets_demo_small/dataset0046_spatialIndex;rangeQueriesInputs;rqI_datasets_demo_small.csv
datasets/datasets_demo_small;dataset0047.csv;summaries;sum_datasets_demo_small.csv;indexes/datasets_demo_small/dataset0047_spatialIndex;rangeQueriesInputs;rqI_datasets_demo_small.csv
datasets/datasets_demo_small;dataset0048.csv;summaries;sum_datasets_demo_small.csv;indexes/datasets_demo_small/dataset0048_spatialIndex;rangeQueriesInputs;rqI_datasets_demo_small.csv
datasets/datasets_demo_small;dataset0049.csv;summaries;sum_datasets_demo_small.csv;indexes/datasets_demo_small/dataset0049_spatialIndex;rangeQueriesInputs;rqI_datasets_demo_small.csv
datasets/datasets_demo_small;dataset0050.csv;summaries;sum_datasets_demo_small.csv;indexes/datasets_demo_small/dataset0050_spatialIndex;rangeQueriesInputs;rqI_datasets_demo_small.csv
datasets/datasets_demo_small;dataset0051.csv;summaries;sum_datasets_demo_small.csv;indexes/datasets_demo_small/dataset0051_spatialIndex;rangeQueriesInputs;rqI_datasets_demo_small.csv
datasets/datasets_demo_small;dataset0052.csv;summaries;sum_datasets_demo_small.csv;indexes/datasets_demo_small/dataset0052_spatialIndex;rangeQueriesInputs;rqI_datasets_demo_small.csv
datasets/datasets_demo_small;dataset0053.csv;summaries;sum_datasets_demo_small.csv;indexes/datasets_demo_small/dataset0053_spatialIndex;rangeQueriesInputs;rqI_datasets_demo_small.csv
datasets/datasets_demo_small;dataset0054.csv;summaries;sum_datasets_demo_small.csv;indexes/datasets_demo_small/dataset0054_spatialIndex;rangeQueriesInputs;rqI_datasets_demo_small.csv
datasets/datasets_demo_small;dataset0055.csv;summaries;sum_datasets_demo_small.csv;indexes/datasets_demo_small/dataset0055_spatialIndex;rangeQueriesInputs;rqI_datasets_demo_small.csv
datasets/datasets_demo_small;dataset0056.csv;summaries;sum_datasets_demo_small.csv;indexes/datasets_demo_small/dataset0056_spatialIndex;rangeQueriesInputs;rqI_datasets_demo_small.csv
datasets/datasets_demo_small;dataset0057.csv;summaries;sum_datasets_demo_small.csv;indexes/datasets_demo_small/dataset0057_spatialIndex;rangeQueriesInputs;rqI_datasets_demo_small.csv
datasets/datasets_demo_small;dataset0058.csv;summaries;sum_datasets_demo_small.csv;indexes/datasets_demo_small/dataset0058_spatialIndex;rangeQueriesInputs;rqI_datasets_demo_small.csv
datasets/datasets_demo_small;dataset0059.csv;summaries;sum_datasets_demo_small.csv;indexes/datasets_demo_small/dataset0059_spatialIndex;rangeQueriesInputs;rqI_datasets_demo_small.csv
datasets/datasets_demo_small;dataset0060.csv;summaries;sum_datasets_demo_small.csv;indexes/datasets_demo_small/dataset0060_spatialIndex;rangeQueriesInputs;rqI_datasets_demo_small.csv
datasets/datasets_demo_small;dataset0061.csv;summaries;sum_datasets_demo_small.csv;indexes/datasets_demo_small/dataset0061_spatialIndex;rangeQueriesInputs;rqI_datasets_demo_small.csv
datasets/datasets_demo_small;dataset0062.csv;summaries;sum_datasets_demo_small.csv;indexes/datasets_demo_small/dataset0062_spatialIndex;rangeQueriesInputs;rqI_datasets_demo_small.csv
datasets/datasets_demo_small;dataset0063.csv;summaries;sum_datasets_demo_small.csv;indexes/datasets_demo_small/dataset0063_spatialIndex;rangeQueriesInputs;rqI_datasets_demo_small.csv
datasets/datasets_demo_small;dataset0064.csv;summaries;sum_datasets_demo_small.csv;indexes/datasets_demo_small/dataset0064_spatialIndex;rangeQueriesInputs;rqI_datasets_demo_small.csv
datasets/datasets_demo_small;dataset0065.csv;summaries;sum_datasets_demo_small.csv;indexes/datasets_demo_small/dataset0065_spatialIndex;rangeQueriesInputs;rqI_datasets_demo_small.csv
datasets/datasets_demo_small;dataset0066.csv;summaries;sum_datasets_demo_small.csv;indexes/datasets_demo_small/dataset0066_spatialIndex;rangeQueriesInputs;rqI_datasets_demo_small.csv
datasets/datasets_demo_small;dataset0067.csv;summaries;sum_datasets_demo_small.csv;indexes/datasets_demo_small/dataset0067_spatialIndex;rangeQueriesInputs;rqI_datasets_demo_small.csv
datasets/datasets_demo_small;dataset0068.csv;summaries;sum_datasets_demo_small.csv;indexes/datasets_demo_small/dataset0068_spatialIndex;rangeQueriesInputs;rqI_datasets_demo_small.csv
datasets/datasets_demo_small;dataset0069.csv;summaries;sum_datasets_demo_small.csv;indexes/datasets_demo_small/dataset0069_spatialIndex;rangeQueriesInputs;rqI_datasets_demo_small.csv
datasets/datasets_demo_small;dataset0070.csv;summaries;sum_datasets_demo_small.csv;indexes/datasets_demo_small/dataset0070_spatialIndex;rangeQueriesInputs;rqI_datasets_demo_small.csv
datasets/datasets_demo_small;dataset0071.csv;summaries;sum_datasets_demo_small.csv;indexes/datasets_demo_small/dataset0071_spatialIndex;rangeQueriesInputs;rqI_datasets_demo_small.csv
datasets/datasets_demo_small;dataset0072.csv;summaries;sum_datasets_demo_small.csv;indexes/datasets_demo_small/dataset0072_spatialIndex;rangeQueriesInputs;rqI_datasets_demo_small.csv
datasets/datasets_demo_small;dataset0073.csv;summaries;sum_datasets_demo_small.csv;indexes/datasets_demo_small/dataset0073_spatialIndex;rangeQueriesInputs;rqI_datasets_demo_small.csv
datasets/datasets_demo_small;dataset0074.csv;summaries;sum_datasets_demo_small.csv;indexes/datasets_demo_small/dataset0074_spatialIndex;rangeQueriesInputs;rqI_datasets_demo_small.csv
datasets/datasets_demo_small;dataset0075.csv;summaries;sum_datasets_demo_small.csv;indexes/datasets_demo_small/dataset0075_spatialIndex;rangeQueriesInputs;rqI_datasets_demo_small.csv
datasets/datasets_demo_small;dataset0076.csv;summaries;sum_datasets_demo_small.csv;indexes/datasets_demo_small/dataset0076_spatialIndex;rangeQueriesInputs;rqI_datasets_demo_small.csv
datasets/datasets_demo_small;dataset0077.csv;summaries;sum_datasets_demo_small.csv;indexes/datasets_demo_small/dataset0077_spatialIndex;rangeQueriesInputs;rqI_datasets_demo_small.csv
datasets/datasets_demo_small;dataset0078.csv;summaries;sum_datasets_demo_small.csv;indexes/datasets_demo_small/dataset0078_spatialIndex;rangeQueriesInputs;rqI_datasets_demo_small.csv
datasets/datasets_demo_small;dataset0079.csv;summaries;sum_datasets_demo_small.csv;indexes/datasets_demo_small/dataset0079_spatialIndex;rangeQueriesInputs;rqI_datasets_demo_small.csv
datasets/datasets_demo_small;dataset0080.csv;summaries;sum_datasets_demo_small.csv;indexes/datasets_demo_small/dataset0080_spatialIndex;rangeQueriesInputs;rqI_datasets_demo_small.csv
datasets/datasets_demo_small;dataset0081.csv;summaries;sum_datasets_demo_small.csv;indexes/datasets_demo_small/dataset0081_spatialIndex;rangeQueriesInputs;rqI_datasets_demo_small.csv
datasets/datasets_demo_small;dataset0082.csv;summaries;sum_datasets_demo_small.csv;indexes/datasets_demo_small/dataset0082_spatialIndex;rangeQueriesInputs;rqI_datasets_demo_small.csv
datasets/datasets_demo_small;dataset0083.csv;summaries;sum_datasets_demo_small.csv;indexes/datasets_demo_small/dataset0083_spatialIndex;rangeQueriesInputs;rqI_datasets_demo_small.csv
datasets/datasets_demo_small;dataset0084.csv;summaries;sum_datasets_demo_small.csv;indexes/datasets_demo_small/dataset0084_spatialIndex;rangeQueriesInputs;rqI_datasets_demo_small.csv
datasets/datasets_demo_small;dataset0085.csv;summaries;sum_datasets_demo_small.csv;indexes/datasets_demo_small/dataset0085_spatialIndex;rangeQueriesInputs;rqI_datasets_demo_small.csv
datasets/datasets_demo_small;dataset0086.csv;summaries;sum_datasets_demo_small.csv;indexes/datasets_demo_small/dataset0086_spatialIndex;rangeQueriesInputs;rqI_datasets_demo_small.csv
datasets/datasets_demo_small;dataset0087.csv;summaries;sum_datasets_demo_small.csv;indexes/datasets_demo_small/dataset0087_spatialIndex;rangeQueriesInputs;rqI_datasets_demo_small.csv
datasets/datasets_demo_small;dataset0088.csv;summaries;sum_datasets_demo_small.csv;indexes/datasets_demo_small/dataset0088_spatialIndex;rangeQueriesInputs;rqI_datasets_demo_small.csv
datasets/datasets_demo_small;dataset0089.csv;summaries;sum_datasets_demo_small.csv;indexes/datasets_demo_small/dataset0089_spatialIndex;rangeQueriesInputs;rqI_datasets_demo_small.csv
datasets/datasets_demo_small;dataset0090.csv;summaries;sum_datasets_demo_small.csv;indexes/datasets_demo_small/dataset0090_spatialIndex;rangeQueriesInputs;rqI_datasets_demo_small.csv
datasets/datasets_demo_small;dataset0091.csv;summaries;sum_datasets_demo_small.csv;indexes/datasets_demo_small/dataset0091_spatialIndex;rangeQueriesInputs;rqI_datasets_demo_small.csv
datasets/datasets_demo_small;dataset0092.csv;summaries;sum_datasets_demo_small.csv;indexes/datasets_demo_small/dataset0092_spatialIndex;rangeQueriesInputs;rqI_datasets_demo_small.csv
datasets/datasets_demo_small;dataset0093.csv;summaries;sum_datasets_demo_small.csv;indexes/datasets_demo_small/dataset0093_spatialIndex;rangeQueriesInputs;rqI_datasets_demo_small.csv
datasets/datasets_demo_small;dataset0094.csv;summaries;sum_datasets_demo_small.csv;indexes/datasets_demo_small/dataset0094_spatialIndex;rangeQueriesInputs;rqI_datasets_demo_small.csv
datasets/datasets_demo_small;dataset0095.csv;summaries;sum_datasets_demo_small.csv;indexes/datasets_demo_small/dataset0095_spatialIndex;rangeQueriesInputs;rqI_datasets_demo_small.csv
datasets/datasets_demo_small;dataset0096.csv;summaries;sum_datasets_demo_small.csv;indexes/datasets_demo_small/dataset0096_spatialIndex;rangeQueriesInputs;rqI_datasets_demo_small.csv
datasets/datasets_demo_small;dataset0097.csv;summaries;sum_datasets_demo_small.csv;indexes/datasets_demo_small/dataset0097_spatialIndex;rangeQueriesInputs;rqI_datasets_demo_small.csv
datasets/datasets_demo_small;dataset0098.csv;summaries;sum_datasets_demo_small.csv;indexes/datasets_demo_small/dataset0098_spatialIndex;rangeQueriesInputs;rqI_datasets_demo_small.csv
datasets/datasets_demo_small;dataset0099.csv;summaries;sum_datasets_demo_small.csv;indexes/datasets_demo_small/dataset0099_spatialIndex;rangeQueriesInputs;rqI_datasets_demo_small.csv
datasets/datasets_demo_small;dataset0100.csv;summaries;sum_datasets_demo_small.csv;indexes/datasets_demo_small/dataset0100_spatialIndex;rangeQueriesInputs;rqI_datasets_demo_small.csv
datasets/datasets_demo_small;dataset1001.csv;summaries;sum_datasets_demo_small.csv;indexes/datasets_demo_small/dataset1001_spatialIndex;rangeQueriesInputs;rqI_datasets_demo_small.csv
datasets/datasets_demo_small;dataset1002.csv;summaries;sum_datasets_demo_small.csv;indexes/datasets_demo_small/dataset1002_spatialIndex;rangeQueriesInputs;rqI_datasets_demo_small.csv
datasets/datasets_demo_small;dataset1003.csv;summaries;sum_datasets_demo_small.csv;indexes/datasets_demo_small/dataset1003_spatialIndex;rangeQueriesInputs;rqI_datasets_demo_small.csv
datasets/datasets_demo_small;dataset1004.csv;summaries;sum_datasets_demo_small.csv;indexes/datasets_demo_small/dataset1004_spatialIndex;rangeQueriesInputs;rqI_datasets_demo_small.csv
datasets/datasets_demo_small;dataset1005.csv;summaries;sum_datasets_demo_small.csv;indexes/datasets_demo_small/dataset1005_spatialIndex;rangeQueriesInputs;rqI_datasets_demo_small.csv
datasets/datasets_demo_small;dataset1006.csv;summaries;sum_datasets_demo_small.csv;indexes/datasets_demo_small/dataset1006_spatialIndex;rangeQueriesInputs;rqI_datasets_demo_small.csv
datasets/datasets_demo_small;dataset1007.csv;summaries;sum_datasets_demo_small.csv;indexes/datasets_demo_small/dataset1007_spatialIndex;rangeQueriesInputs;rqI_datasets_demo_small.csv
datasets/datasets_demo_small;dataset1008.csv;summaries;sum_datasets_demo_small.csv;indexes/datasets_demo_small/dataset1008_spatialIndex;rangeQueriesInputs;rqI_datasets_demo_small.csv
datasets/datasets_demo_small;dataset1009.csv;summaries;sum_datasets_demo_small.csv;indexes/datasets_demo_small/dataset1009_spatialIndex;rangeQueriesInputs;rqI_datasets_demo_small.csv
datasets/datasets_demo_small;dataset1010.csv;summaries;sum_datasets_demo_small.csv;indexes/datasets_demo_small/dataset1010_spatialIndex;rangeQueriesInputs;rqI_datasets_demo_small.csv
datasets/datasets_demo_small;dataset1011.csv;summaries;sum_datasets_demo_small.csv;indexes/datasets_demo_small/dataset1011_spatialIndex;rangeQueriesInputs;rqI_datasets_demo_small.csv
datasets/datasets_demo_small;dataset1012.csv;summaries;sum_datasets_demo_small.csv;indexes/datasets_demo_small/dataset1012_spatialIndex;rangeQueriesInputs;rqI_datasets_demo_small.csv
datasets/datasets_demo_small;dataset1013.csv;summaries;sum_datasets_demo_small.csv;indexes/datasets_demo_small/dataset1013_spatialIndex;rangeQueriesInputs;rqI_datasets_demo_small.csv
datasets/datasets_demo_small;dataset1014.csv;summaries;sum_datasets_demo_small.csv;indexes/datasets_demo_small/dataset1014_spatialIndex;rangeQueriesInputs;rqI_datasets_demo_small.csv
datasets/datasets_demo_small;dataset1015.csv;summaries;sum_datasets_demo_small.csv;indexes/datasets_demo_small/dataset1015_spatialIndex;rangeQueriesInputs;rqI_datasets_demo_small.csv
datasets/datasets_demo_small;dataset1016.csv;summaries;sum_datasets_demo_small.csv;indexes/datasets_demo_small/dataset1016_spatialIndex;rangeQueriesInputs;rqI_datasets_demo_small.csv
datasets/datasets_demo_small;dataset1017.csv;summaries;sum_datasets_demo_small.csv;indexes/datasets_demo_small/dataset1017_spatialIndex;rangeQueriesInputs;rqI_datasets_demo_small.csv
datasets/datasets_demo_small;dataset1018.csv;summaries;sum_datasets_demo_small.csv;indexes/datasets_demo_small/dataset1018_spatialIndex;rangeQueriesInputs;rqI_datasets_demo_small.csv
datasets/datasets_demo_small;dataset1019.csv;summaries;sum_datasets_demo_small.csv;indexes/datasets_demo_small/dataset1019_spatialIndex;rangeQueriesInputs;rqI_datasets_demo_small.csv
datasets/datasets_demo_small;dataset1020.csv;summaries;sum_datasets_demo_small.csv;indexes/datasets_demo_small/dataset1020_spatialIndex;rangeQueriesInputs;rqI_datasets_demo_small.csv
datasets/datasets_demo_small;dataset1021.csv;summaries;sum_datasets_demo_small.csv;indexes/datasets_demo_small/dataset1021_spatialIndex;rangeQueriesInputs;rqI_datasets_demo_small.csv
datasets/datasets_demo_small;dataset1022.csv;summaries;sum_datasets_demo_small.csv;indexes/datasets_demo_small/dataset1022_spatialIndex;rangeQueriesInputs;rqI_datasets_demo_small.csv
datasets/datasets_demo_small;dataset1023.csv;summaries;sum_datasets_demo_small.csv;indexes/datasets_demo_small/dataset1023_spatialIndex;rangeQueriesInputs;rqI_datasets_demo_small.csv
datasets/datasets_demo_small;dataset1024.csv;summaries;sum_datasets_demo_small.csv;indexes/datasets_demo_small/dataset1024_spatialIndex;rangeQueriesInputs;rqI_datasets_demo_small.csv
datasets/datasets_demo_small;dataset1025.csv;summaries;sum_datasets_demo_small.csv;indexes/datasets_demo_small/dataset1025_spatialIndex;rangeQueriesInputs;rqI_datasets_demo_small.csv
datasets/datasets_demo_small;dataset1026.csv;summaries;sum_datasets_demo_small.csv;indexes/datasets_demo_small/dataset1026_spatialIndex;rangeQueriesInputs;rqI_datasets_demo_small.csv
datasets/datasets_demo_small;dataset1027.csv;summaries;sum_datasets_demo_small.csv;indexes/datasets_demo_small/dataset1027_spatialIndex;rangeQueriesInputs;rqI_datasets_demo_small.csv
datasets/datasets_demo_small;dataset1028.csv;summaries;sum_datasets_demo_small.csv;indexes/datasets_demo_small/dataset1028_spatialIndex;rangeQueriesInputs;rqI_datasets_demo_small.csv
datasets/datasets_demo_small;dataset1029.csv;summaries;sum_datasets_demo_small.csv;indexes/datasets_demo_small/dataset1029_spatialIndex;rangeQueriesInputs;rqI_datasets_demo_small.csv
datasets/datasets_demo_small;dataset1030.csv;summaries;sum_datasets_demo_small.csv;indexes/datasets_demo_small/dataset1030_spatialIndex;rangeQueriesInputs;rqI_datasets_demo_small.csv
datasets/datasets_demo_small;dataset1031.csv;summaries;sum_datasets_demo_small.csv;indexes/datasets_demo_small/dataset1031_spatialIndex;rangeQueriesInputs;rqI_datasets_demo_small.csv
datasets/datasets_demo_small;dataset1032.csv;summaries;sum_datasets_demo_small.csv;indexes/datasets_demo_small/dataset1032_spatialIndex;rangeQueriesInputs;rqI_datasets_demo_small.csv
datasets/datasets_demo_small;dataset1033.csv;summaries;sum_datasets_demo_small.csv;indexes/datasets_demo_small/dataset1033_spatialIndex;rangeQueriesInputs;rqI_datasets_demo_small.csv
datasets/datasets_demo_small;dataset1034.csv;summaries;sum_datasets_demo_small.csv;indexes/datasets_demo_small/dataset1034_spatialIndex;rangeQueriesInputs;rqI_datasets_demo_small.csv
datasets/datasets_demo_small;dataset1035.csv;summaries;sum_datasets_demo_small.csv;indexes/datasets_demo_small/dataset1035_spatialIndex;rangeQueriesInputs;rqI_datasets_demo_small.csv
datasets/datasets_demo_small;dataset1036.csv;summaries;sum_datasets_demo_small.csv;indexes/datasets_demo_small/dataset1036_spatialIndex;rangeQueriesInputs;rqI_datasets_demo_small.csv
datasets/datasets_demo_small;dataset1037.csv;summaries;sum_datasets_demo_small.csv;indexes/datasets_demo_small/dataset1037_spatialIndex;rangeQueriesInputs;rqI_datasets_demo_small.csv
datasets/datasets_demo_small;dataset1038.csv;summaries;sum_datasets_demo_small.csv;indexes/datasets_demo_small/dataset1038_spatialIndex;rangeQueriesInputs;rqI_datasets_demo_small.csv
datasets/datasets_demo_small;dataset1039.csv;summaries;sum_datasets_demo_small.csv;indexes/datasets_demo_small/dataset1039_spatialIndex;rangeQueriesInputs;rqI_datasets_demo_small.csv
datasets/datasets_demo_small;dataset1040.csv;summaries;sum_datasets_demo_small.csv;indexes/datasets_demo_small/dataset1040_spatialIndex;rangeQueriesInputs;rqI_datasets_demo_small.csv
datasets/datasets_demo_small;dataset1041.csv;summaries;sum_datasets_demo_small.csv;indexes/datasets_demo_small/dataset1041_spatialIndex;rangeQueriesInputs;rqI_datasets_demo_small.csv
datasets/datasets_demo_small;dataset1042.csv;summaries;sum_datasets_demo_small.csv;indexes/datasets_demo_small/dataset1042_spatialIndex;rangeQueriesInputs;rqI_datasets_demo_small.csv
datasets/datasets_demo_small;dataset1043.csv;summaries;sum_datasets_demo_small.csv;indexes/datasets_demo_small/dataset1043_spatialIndex;rangeQueriesInputs;rqI_datasets_demo_small.csv
datasets/datasets_demo_small;dataset1044.csv;summaries;sum_datasets_demo_small.csv;indexes/datasets_demo_small/dataset1044_spatialIndex;rangeQueriesInputs;rqI_datasets_demo_small.csv
datasets/datasets_demo_small;dataset1045.csv;summaries;sum_datasets_demo_small.csv;indexes/datasets_demo_small/dataset1045_spatialIndex;rangeQueriesInputs;rqI_datasets_demo_small.csv
datasets/datasets_demo_small;dataset1046.csv;summaries;sum_datasets_demo_small.csv;indexes/datasets_demo_small/dataset1046_spatialIndex;rangeQueriesInputs;rqI_datasets_demo_small.csv
datasets/datasets_demo_small;dataset1047.csv;summaries;sum_datasets_demo_small.csv;indexes/datasets_demo_small/dataset1047_spatialIndex;rangeQueriesInputs;rqI_datasets_demo_small.csv
datasets/datasets_demo_small;dataset1048.csv;summaries;sum_datasets_demo_small.csv;indexes/datasets_demo_small/dataset1048_spatialIndex;rangeQueriesInputs;rqI_datasets_demo_small.csv
datasets/datasets_demo_small;dataset1049.csv;summaries;sum_datasets_demo_small.csv;indexes/datasets_demo_small/dataset1049_spatialIndex;rangeQueriesInputs;rqI_datasets_demo_small.csv
datasets/datasets_demo_small;dataset1050.csv;summaries;sum_datasets_demo_small.csv;indexes/datasets_demo_small/dataset1050_spatialIndex;rangeQueriesInputs;rqI_datasets_demo_small.csv
datasets/datasets_demo_small;dataset1201.csv;summaries;sum_datasets_demo_small.csv;indexes/datasets_demo_small/dataset1201_spatialIndex;rangeQueriesInputs;rqI_datasets_demo_small.csv
datasets/datasets_demo_small;dataset1202.csv;summaries;sum_datasets_demo_small.csv;indexes/datasets_demo_small/dataset1202_spatialIndex;rangeQueriesInputs;rqI_datasets_demo_small.csv
datasets/datasets_demo_small;dataset1203.csv;summaries;sum_datasets_demo_small.csv;indexes/datasets_demo_small/dataset1203_spatialIndex;rangeQueriesInputs;rqI_datasets_demo_small.csv
datasets/datasets_demo_small;dataset1204.csv;summaries;sum_datasets_demo_small.csv;indexes/datasets_demo_small/dataset1204_spatialIndex;rangeQueriesInputs;rqI_datasets_demo_small.csv
datasets/datasets_demo_small;dataset1205.csv;summaries;sum_datasets_demo_small.csv;indexes/datasets_demo_small/dataset1205_spatialIndex;rangeQueriesInputs;rqI_datasets_demo_small.csv
datasets/datasets_demo_small;dataset1206.csv;summaries;sum_datasets_demo_small.csv;indexes/datasets_demo_small/dataset1206_spatialIndex;rangeQueriesInputs;rqI_datasets_demo_small.csv
datasets/datasets_demo_small;dataset1207.csv;summaries;sum_datasets_demo_small.csv;indexes/datasets_demo_small/dataset1207_spatialIndex;rangeQueriesInputs;rqI_datasets_demo_small.csv
datasets/datasets_demo_small;dataset1208.csv;summaries;sum_datasets_demo_small.csv;indexes/datasets_demo_small/dataset1208_spatialIndex;rangeQueriesInputs;rqI_datasets_demo_small.csv
datasets/datasets_demo_small;dataset1209.csv;summaries;sum_datasets_demo_small.csv;indexes/datasets_demo_small/dataset1209_spatialIndex;rangeQueriesInputs;rqI_datasets_demo_small.csv
datasets/datasets_demo_small;dataset1210.csv;summaries;sum_datasets_demo_small.csv;indexes/datasets_demo_small/dataset1210_spatialIndex;rangeQueriesInputs;rqI_datasets_demo_small.csv
datasets/datasets_demo_small;dataset1211.csv;summaries;sum_datasets_demo_small.csv;indexes/datasets_demo_small/dataset1211_spatialIndex;rangeQueriesInputs;rqI_datasets_demo_small.csv
datasets/datasets_demo_small;dataset1212.csv;summaries;sum_datasets_demo_small.csv;indexes/datasets_demo_small/dataset1212_spatialIndex;rangeQueriesInputs;rqI_datasets_demo_small.csv
datasets/datasets_demo_small;dataset1213.csv;summaries;sum_datasets_demo_small.csv;indexes/datasets_demo_small/dataset1213_spatialIndex;rangeQueriesInputs;rqI_datasets_demo_small.csv
datasets/datasets_demo_small;dataset1214.csv;summaries;sum_datasets_demo_small.csv;indexes/datasets_demo_small/dataset1214_spatialIndex;rangeQueriesInputs;rqI_datasets_demo_small.csv
datasets/datasets_demo_small;dataset1215.csv;summaries;sum_datasets_demo_small.csv;indexes/datasets_demo_small/dataset1215_spatialIndex;rangeQueriesInputs;rqI_datasets_demo_small.csv
datasets/datasets_demo_small;dataset1216.csv;summaries;sum_datasets_demo_small.csv;indexes/datasets_demo_small/dataset1216_spatialIndex;rangeQueriesInputs;rqI_datasets_demo_small.csv
datasets/datasets_demo_small;dataset1217.csv;summaries;sum_datasets_demo_small.csv;indexes/datasets_demo_small/dataset1217_spatialIndex;rangeQueriesInputs;rqI_datasets_demo_small.csv
datasets/datasets_demo_small;dataset1218.csv;summaries;sum_datasets_demo_small.csv;indexes/datasets_demo_small/dataset1218_spatialIndex;rangeQueriesInputs;rqI_datasets_demo_small.csv
datasets/datasets_demo_small;dataset1219.csv;summaries;sum_datasets_demo_small.csv;indexes/datasets_demo_small/dataset1219_spatialIndex;rangeQueriesInputs;rqI_datasets_demo_small.csv
datasets/datasets_demo_small;dataset1220.csv;summaries;sum_datasets_demo_small.csv;indexes/datasets_demo_small/dataset1220_spatialIndex;rangeQueriesInputs;rqI_datasets_demo_small.csv
datasets/datasets_demo_small;dataset1221.csv;summaries;sum_datasets_demo_small.csv;indexes/datasets_demo_small/dataset1221_spatialIndex;rangeQueriesInputs;rqI_datasets_demo_small.csv
datasets/datasets_demo_small;dataset1222.csv;summaries;sum_datasets_demo_small.csv;indexes/datasets_demo_small/dataset1222_spatialIndex;rangeQueriesInputs;rqI_datasets_demo_small.csv
datasets/datasets_demo_small;dataset1223.csv;summaries;sum_datasets_demo_small.csv;indexes/datasets_demo_small/dataset1223_spatialIndex;rangeQueriesInputs;rqI_datasets_demo_small.csv
datasets/datasets_demo_small;dataset1224.csv;summaries;sum_datasets_demo_small.csv;indexes/datasets_demo_small/dataset1224_spatialIndex;rangeQueriesInputs;rqI_datasets_demo_small.csv
datasets/datasets_demo_small;dataset1225.csv;summaries;sum_datasets_demo_small.csv;indexes/datasets_demo_small/dataset1225_spatialIndex;rangeQueriesInputs;rqI_datasets_demo_small.csv
datasets/datasets_demo_small;dataset1226.csv;summaries;sum_datasets_demo_small.csv;indexes/datasets_demo_small/dataset1226_spatialIndex;rangeQueriesInputs;rqI_datasets_demo_small.csv
datasets/datasets_demo_small;dataset1227.csv;summaries;sum_datasets_demo_small.csv;indexes/datasets_demo_small/dataset1227_spatialIndex;rangeQueriesInputs;rqI_datasets_demo_small.csv
datasets/datasets_demo_small;dataset1228.csv;summaries;sum_datasets_demo_small.csv;indexes/datasets_demo_small/dataset1228_spatialIndex;rangeQueriesInputs;rqI_datasets_demo_small.csv
datasets/datasets_demo_small;dataset1229.csv;summaries;sum_datasets_demo_small.csv;indexes/datasets_demo_small/dataset1229_spatialIndex;rangeQueriesInputs;rqI_datasets_demo_small.csv
datasets/datasets_demo_small;dataset1230.csv;summaries;sum_datasets_demo_small.csv;indexes/datasets_demo_small/dataset1230_spatialIndex;rangeQueriesInputs;rqI_datasets_demo_small.csv
datasets/datasets_demo_small;dataset1231.csv;summaries;sum_datasets_demo_small.csv;indexes/datasets_demo_small/dataset1231_spatialIndex;rangeQueriesInputs;rqI_datasets_demo_small.csv
datasets/datasets_demo_small;dataset1232.csv;summaries;sum_datasets_demo_small.csv;indexes/datasets_demo_small/dataset1232_spatialIndex;rangeQueriesInputs;rqI_datasets_demo_small.csv
datasets/datasets_demo_small;dataset1233.csv;summaries;sum_datasets_demo_small.csv;indexes/datasets_demo_small/dataset1233_spatialIndex;rangeQueriesInputs;rqI_datasets_demo_small.csv
datasets/datasets_demo_small;dataset1234.csv;summaries;sum_datasets_demo_small.csv;indexes/datasets_demo_small/dataset1234_spatialIndex;rangeQueriesInputs;rqI_datasets_demo_small.csv
datasets/datasets_demo_small;dataset1235.csv;summaries;sum_datasets_demo_small.csv;indexes/datasets_demo_small/dataset1235_spatialIndex;rangeQueriesInputs;rqI_datasets_demo_small.csv
datasets/datasets_demo_small;dataset1236.csv;summaries;sum_datasets_demo_small.csv;indexes/datasets_demo_small/dataset1236_spatialIndex;rangeQueriesInputs;rqI_datasets_demo_small.csv
datasets/datasets_demo_small;dataset1237.csv;summaries;sum_datasets_demo_small.csv;indexes/datasets_demo_small/dataset1237_spatialIndex;rangeQueriesInputs;rqI_datasets_demo_small.csv
datasets/datasets_demo_small;dataset1238.csv;summaries;sum_datasets_demo_small.csv;indexes/datasets_demo_small/dataset1238_spatialIndex;rangeQueriesInputs;rqI_datasets_demo_small.csv
datasets/datasets_demo_small;dataset1239.csv;summaries;sum_datasets_demo_small.csv;indexes/datasets_demo_small/dataset1239_spatialIndex;rangeQueriesInputs;rqI_datasets_demo_small.csv
datasets/datasets_demo_small;dataset1240.csv;summaries;sum_datasets_demo_small.csv;indexes/datasets_demo_small/dataset1240_spatialIndex;rangeQueriesInputs;rqI_datasets_demo_small.csv
datasets/datasets_demo_small;dataset1241.csv;summaries;sum_datasets_demo_small.csv;indexes/datasets_demo_small/dataset1241_spatialIndex;rangeQueriesInputs;rqI_datasets_demo_small.csv
datasets/datasets_demo_small;dataset1242.csv;summaries;sum_datasets_demo_small.csv;indexes/datasets_demo_small/dataset1242_spatialIndex;rangeQueriesInputs;rqI_datasets_demo_small.csv
datasets/datasets_demo_small;dataset1243.csv;summaries;sum_datasets_demo_small.csv;indexes/datasets_demo_small/dataset1243_spatialIndex;rangeQueriesInputs;rqI_datasets_demo_small.csv
datasets/datasets_demo_small;dataset1244.csv;summaries;sum_datasets_demo_small.csv;indexes/datasets_demo_small/dataset1244_spatialIndex;rangeQueriesInputs;rqI_datasets_demo_small.csv
datasets/datasets_demo_small;dataset1245.csv;summaries;sum_datasets_demo_small.csv;indexes/datasets_demo_small/dataset1245_spatialIndex;rangeQueriesInputs;rqI_datasets_demo_small.csv
datasets/datasets_demo_small;dataset1246.csv;summaries;sum_datasets_demo_small.csv;indexes/datasets_demo_small/dataset1246_spatialIndex;rangeQueriesInputs;rqI_datasets_demo_small.csv
datasets/datasets_demo_small;dataset1247.csv;summaries;sum_datasets_demo_small.csv;indexes/datasets_demo_small/dataset1247_spatialIndex;rangeQueriesInputs;rqI_datasets_demo_small.csv
datasets/datasets_demo_small;dataset1248.csv;summaries;sum_datasets_demo_small.csv;indexes/datasets_demo_small/dataset1248_spatialIndex;rangeQueriesInputs;rqI_datasets_demo_small.csv
datasets/datasets_demo_small;dataset1249.csv;summaries;sum_datasets_demo_small.csv;indexes/datasets_demo_small/dataset1249_spatialIndex;rangeQueriesInputs;rqI_datasets_demo_small.csv
datasets/datasets_demo_small;dataset1250.csv;summaries;sum_datasets_demo_small.csv;indexes/datasets_demo_small/dataset1250_spatialIndex;rangeQueriesInputs;rqI_datasets_demo_small.csv
datasets/datasets_demo_small;dataset1401.csv;summaries;sum_datasets_demo_small.csv;indexes/datasets_demo_small/dataset1401_spatialIndex;rangeQueriesInputs;rqI_datasets_demo_small.csv
datasets/datasets_demo_small;dataset1402.csv;summaries;sum_datasets_demo_small.csv;indexes/datasets_demo_small/dataset1402_spatialIndex;rangeQueriesInputs;rqI_datasets_demo_small.csv
datasets/datasets_demo_small;dataset1403.csv;summaries;sum_datasets_demo_small.csv;indexes/datasets_demo_small/dataset1403_spatialIndex;rangeQueriesInputs;rqI_datasets_demo_small.csv
datasets/datasets_demo_small;dataset1404.csv;summaries;sum_datasets_demo_small.csv;indexes/datasets_demo_small/dataset1404_spatialIndex;rangeQueriesInputs;rqI_datasets_demo_small.csv
datasets/datasets_demo_small;dataset1405.csv;summaries;sum_datasets_demo_small.csv;indexes/datasets_demo_small/dataset1405_spatialIndex;rangeQueriesInputs;rqI_datasets_demo_small.csv
datasets/datasets_demo_small;dataset1406.csv;summaries;sum_datasets_demo_small.csv;indexes/datasets_demo_small/dataset1406_spatialIndex;rangeQueriesInputs;rqI_datasets_demo_small.csv
datasets/datasets_demo_small;dataset1407.csv;summaries;sum_datasets_demo_small.csv;indexes/datasets_demo_small/dataset1407_spatialIndex;rangeQueriesInputs;rqI_datasets_demo_small.csv
datasets/datasets_demo_small;dataset1408.csv;summaries;sum_datasets_demo_small.csv;indexes/datasets_demo_small/dataset1408_spatialIndex;rangeQueriesInputs;rqI_datasets_demo_small.csv
datasets/datasets_demo_small;dataset1409.csv;summaries;sum_datasets_demo_small.csv;indexes/datasets_demo_small/dataset1409_spatialIndex;rangeQueriesInputs;rqI_datasets_demo_small.csv
datasets/datasets_demo_small;dataset1410.csv;summaries;sum_datasets_demo_small.csv;indexes/datasets_demo_small/dataset1410_spatialIndex;rangeQueriesInputs;rqI_datasets_demo_small.csv
datasets/datasets_demo_small;dataset1411.csv;summaries;sum_datasets_demo_small.csv;indexes/datasets_demo_small/dataset1411_spatialIndex;rangeQueriesInputs;rqI_datasets_demo_small.csv
datasets/datasets_demo_small;dataset1412.csv;summaries;sum_datasets_demo_small.csv;indexes/datasets_demo_small/dataset1412_spatialIndex;rangeQueriesInputs;rqI_datasets_demo_small.csv
datasets/datasets_demo_small;dataset1413.csv;summaries;sum_datasets_demo_small.csv;indexes/datasets_demo_small/dataset1413_spatialIndex;rangeQueriesInputs;rqI_datasets_demo_small.csv
datasets/datasets_demo_small;dataset1414.csv;summaries;sum_datasets_demo_small.csv;indexes/datasets_demo_small/dataset1414_spatialIndex;rangeQueriesInputs;rqI_datasets_demo_small.csv
datasets/datasets_demo_small;dataset1415.csv;summaries;sum_datasets_demo_small.csv;indexes/datasets_demo_small/dataset1415_spatialIndex;rangeQueriesInputs;rqI_datasets_demo_small.csv
datasets/datasets_demo_small;dataset1416.csv;summaries;sum_datasets_demo_small.csv;indexes/datasets_demo_small/dataset1416_spatialIndex;rangeQueriesInputs;rqI_datasets_demo_small.csv
datasets/datasets_demo_small;dataset1417.csv;summaries;sum_datasets_demo_small.csv;indexes/datasets_demo_small/dataset1417_spatialIndex;rangeQueriesInputs;rqI_datasets_demo_small.csv
datasets/datasets_demo_small;dataset1418.csv;summaries;sum_datasets_demo_small.csv;indexes/datasets_demo_small/dataset1418_spatialIndex;rangeQueriesInputs;rqI_datasets_demo_small.csv
datasets/datasets_demo_small;dataset1419.csv;summaries;sum_datasets_demo_small.csv;indexes/datasets_demo_small/dataset1419_spatialIndex;rangeQueriesInputs;rqI_datasets_demo_small.csv
datasets/datasets_demo_small;dataset1420.csv;summaries;sum_datasets_demo_small.csv;indexes/datasets_demo_small/dataset1420_spatialIndex;rangeQueriesInputs;rqI_datasets_demo_small.csv
datasets/datasets_demo_small;dataset1421.csv;summaries;sum_datasets_demo_small.csv;indexes/datasets_demo_small/dataset1421_spatialIndex;rangeQueriesInputs;rqI_datasets_demo_small.csv
datasets/datasets_demo_small;dataset1422.csv;summaries;sum_datasets_demo_small.csv;indexes/datasets_demo_small/dataset1422_spatialIndex;rangeQueriesInputs;rqI_datasets_demo_small.csv
datasets/datasets_demo_small;dataset1423.csv;summaries;sum_datasets_demo_small.csv;indexes/datasets_demo_small/dataset1423_spatialIndex;rangeQueriesInputs;rqI_datasets_demo_small.csv
datasets/datasets_demo_small;dataset1424.csv;summaries;sum_datasets_demo_small.csv;indexes/datasets_demo_small/dataset1424_spatialIndex;rangeQueriesInputs;rqI_datasets_demo_small.csv
datasets/datasets_demo_small;dataset1425.csv;summaries;sum_datasets_demo_small.csv;indexes/datasets_demo_small/dataset1425_spatialIndex;rangeQueriesInputs;rqI_datasets_demo_small.csv
datasets/datasets_demo_small;dataset1426.csv;summaries;sum_datasets_demo_small.csv;indexes/datasets_demo_small/dataset1426_spatialIndex;rangeQueriesInputs;rqI_datasets_demo_small.csv
datasets/datasets_demo_small;dataset1427.csv;summaries;sum_datasets_demo_small.csv;indexes/datasets_demo_small/dataset1427_spatialIndex;rangeQueriesInputs;rqI_datasets_demo_small.csv
datasets/datasets_demo_small;dataset1428.csv;summaries;sum_datasets_demo_small.csv;indexes/datasets_demo_small/dataset1428_spatialIndex;rangeQueriesInputs;rqI_datasets_demo_small.csv
datasets/datasets_demo_small;dataset1429.csv;summaries;sum_datasets_demo_small.csv;indexes/datasets_demo_small/dataset1429_spatialIndex;rangeQueriesInputs;rqI_datasets_demo_small.csv
datasets/datasets_demo_small;dataset1430.csv;summaries;sum_datasets_demo_small.csv;indexes/datasets_demo_small/dataset1430_spatialIndex;rangeQueriesInputs;rqI_datasets_demo_small.csv
datasets/datasets_demo_small;dataset1431.csv;summaries;sum_datasets_demo_small.csv;indexes/datasets_demo_small/dataset1431_spatialIndex;rangeQueriesInputs;rqI_datasets_demo_small.csv
datasets/datasets_demo_small;dataset1432.csv;summaries;sum_datasets_demo_small.csv;indexes/datasets_demo_small/dataset1432_spatialIndex;rangeQueriesInputs;rqI_datasets_demo_small.csv
datasets/datasets_demo_small;dataset1433.csv;summaries;sum_datasets_demo_small.csv;indexes/datasets_demo_small/dataset1433_spatialIndex;rangeQueriesInputs;rqI_datasets_demo_small.csv
datasets/datasets_demo_small;dataset1434.csv;summaries;sum_datasets_demo_small.csv;indexes/datasets_demo_small/dataset1434_spatialIndex;rangeQueriesInputs;rqI_datasets_demo_small.csv
datasets/datasets_demo_small;dataset1435.csv;summaries;sum_datasets_demo_small.csv;indexes/datasets_demo_small/dataset1435_spatialIndex;rangeQueriesInputs;rqI_datasets_demo_small.csv
datasets/datasets_demo_small;dataset1436.csv;summaries;sum_datasets_demo_small.csv;indexes/datasets_demo_small/dataset1436_spatialIndex;rangeQueriesInputs;rqI_datasets_demo_small.csv
datasets/datasets_demo_small;dataset1437.csv;summaries;sum_datasets_demo_small.csv;indexes/datasets_demo_small/dataset1437_spatialIndex;rangeQueriesInputs;rqI_datasets_demo_small.csv
datasets/datasets_demo_small;dataset1438.csv;summaries;sum_datasets_demo_small.csv;indexes/datasets_demo_small/dataset1438_spatialIndex;rangeQueriesInputs;rqI_datasets_demo_small.csv
datasets/datasets_demo_small;dataset1439.csv;summaries;sum_datasets_demo_small.csv;indexes/datasets_demo_small/dataset1439_spatialIndex;rangeQueriesInputs;rqI_datasets_demo_small.csv
datasets/datasets_demo_small;dataset1440.csv;summaries;sum_datasets_demo_small.csv;indexes/datasets_demo_small/dataset1440_spatialIndex;rangeQueriesInputs;rqI_datasets_demo_small.csv
datasets/datasets_demo_small;dataset1441.csv;summaries;sum_datasets_demo_small.csv;indexes/datasets_demo_small/dataset1441_spatialIndex;rangeQueriesInputs;rqI_datasets_demo_small.csv
datasets/datasets_demo_small;dataset1442.csv;summaries;sum_datasets_demo_small.csv;indexes/datasets_demo_small/dataset1442_spatialIndex;rangeQueriesInputs;rqI_datasets_demo_small.csv
datasets/datasets_demo_small;dataset1443.csv;summaries;sum_datasets_demo_small.csv;indexes/datasets_demo_small/dataset1443_spatialIndex;rangeQueriesInputs;rqI_datasets_demo_small.csv
datasets/datasets_demo_small;dataset1444.csv;summaries;sum_datasets_demo_small.csv;indexes/datasets_demo_small/dataset1444_spatialIndex;rangeQueriesInputs;rqI_datasets_demo_small.csv
datasets/datasets_demo_small;dataset1445.csv;summaries;sum_datasets_demo_small.csv;indexes/datasets_demo_small/dataset1445_spatialIndex;rangeQueriesInputs;rqI_datasets_demo_small.csv
datasets/datasets_demo_small;dataset1446.csv;summaries;sum_datasets_demo_small.csv;indexes/datasets_demo_small/dataset1446_spatialIndex;rangeQueriesInputs;rqI_datasets_demo_small.csv
datasets/datasets_demo_small;dataset1447.csv;summaries;sum_datasets_demo_small.csv;indexes/datasets_demo_small/dataset1447_spatialIndex;rangeQueriesInputs;rqI_datasets_demo_small.csv
datasets/datasets_demo_small;dataset1448.csv;summaries;sum_datasets_demo_small.csv;indexes/datasets_demo_small/dataset1448_spatialIndex;rangeQueriesInputs;rqI_datasets_demo_small.csv
datasets/datasets_demo_small;dataset1449.csv;summaries;sum_datasets_demo_small.csv;indexes/datasets_demo_small/dataset1449_spatialIndex;rangeQueriesInputs;rqI_datasets_demo_small.csv
datasets/datasets_demo_small;dataset1450.csv;summaries;sum_datasets_demo_small.csv;indexes/datasets_demo_small/dataset1450_spatialIndex;rangeQueriesInputs;rqI_datasets_demo_small.csv
datasets/datasets_demo_small;dataset1601.csv;summaries;sum_datasets_demo_small.csv;indexes/datasets_demo_small/dataset1601_spatialIndex;rangeQueriesInputs;rqI_datasets_demo_small.csv
datasets/datasets_demo_small;dataset1602.csv;summaries;sum_datasets_demo_small.csv;indexes/datasets_demo_small/dataset1602_spatialIndex;rangeQueriesInputs;rqI_datasets_demo_small.csv
datasets/datasets_demo_small;dataset1603.csv;summaries;sum_datasets_demo_small.csv;indexes/datasets_demo_small/dataset1603_spatialIndex;rangeQueriesInputs;rqI_datasets_demo_small.csv
datasets/datasets_demo_small;dataset1604.csv;summaries;sum_datasets_demo_small.csv;indexes/datasets_demo_small/dataset1604_spatialIndex;rangeQueriesInputs;rqI_datasets_demo_small.csv
datasets/datasets_demo_small;dataset1605.csv;summaries;sum_datasets_demo_small.csv;indexes/datasets_demo_small/dataset1605_spatialIndex;rangeQueriesInputs;rqI_datasets_demo_small.csv
datasets/datasets_demo_small;dataset1606.csv;summaries;sum_datasets_demo_small.csv;indexes/datasets_demo_small/dataset1606_spatialIndex;rangeQueriesInputs;rqI_datasets_demo_small.csv
datasets/datasets_demo_small;dataset1607.csv;summaries;sum_datasets_demo_small.csv;indexes/datasets_demo_small/dataset1607_spatialIndex;rangeQueriesInputs;rqI_datasets_demo_small.csv
datasets/datasets_demo_small;dataset1608.csv;summaries;sum_datasets_demo_small.csv;indexes/datasets_demo_small/dataset1608_spatialIndex;rangeQueriesInputs;rqI_datasets_demo_small.csv
datasets/datasets_demo_small;dataset1609.csv;summaries;sum_datasets_demo_small.csv;indexes/datasets_demo_small/dataset1609_spatialIndex;rangeQueriesInputs;rqI_datasets_demo_small.csv
datasets/datasets_demo_small;dataset1610.csv;summaries;sum_datasets_demo_small.csv;indexes/datasets_demo_small/dataset1610_spatialIndex;rangeQueriesInputs;rqI_datasets_demo_small.csv
datasets/datasets_demo_small;dataset1611.csv;summaries;sum_datasets_demo_small.csv;indexes/datasets_demo_small/dataset1611_spatialIndex;rangeQueriesInputs;rqI_datasets_demo_small.csv
datasets/datasets_demo_small;dataset1612.csv;summaries;sum_datasets_demo_small.csv;indexes/datasets_demo_small/dataset1612_spatialIndex;rangeQueriesInputs;rqI_datasets_demo_small.csv
datasets/datasets_demo_small;dataset1613.csv;summaries;sum_datasets_demo_small.csv;indexes/datasets_demo_small/dataset1613_spatialIndex;rangeQueriesInputs;rqI_datasets_demo_small.csv
datasets/datasets_demo_small;dataset1614.csv;summaries;sum_datasets_demo_small.csv;indexes/datasets_demo_small/dataset1614_spatialIndex;rangeQueriesInputs;rqI_datasets_demo_small.csv
datasets/datasets_demo_small;dataset1615.csv;summaries;sum_datasets_demo_small.csv;indexes/datasets_demo_small/dataset1615_spatialIndex;rangeQueriesInputs;rqI_datasets_demo_small.csv
datasets/datasets_demo_small;dataset1616.csv;summaries;sum_datasets_demo_small.csv;indexes/datasets_demo_small/dataset1616_spatialIndex;rangeQueriesInputs;rqI_datasets_demo_small.csv
datasets/datasets_demo_small;dataset1617.csv;summaries;sum_datasets_demo_small.csv;indexes/datasets_demo_small/dataset1617_spatialIndex;rangeQueriesInputs;rqI_datasets_demo_small.csv
datasets/datasets_demo_small;dataset1618.csv;summaries;sum_datasets_demo_small.csv;indexes/datasets_demo_small/dataset1618_spatialIndex;rangeQueriesInputs;rqI_datasets_demo_small.csv
datasets/datasets_demo_small;dataset1619.csv;summaries;sum_datasets_demo_small.csv;indexes/datasets_demo_small/dataset1619_spatialIndex;rangeQueriesInputs;rqI_datasets_demo_small.csv
datasets/datasets_demo_small;dataset1620.csv;summaries;sum_datasets_demo_small.csv;indexes/datasets_demo_small/dataset1620_spatialIndex;rangeQueriesInputs;rqI_datasets_demo_small.csv
datasets/datasets_demo_small;dataset1621.csv;summaries;sum_datasets_demo_small.csv;indexes/datasets_demo_small/dataset1621_spatialIndex;rangeQueriesInputs;rqI_datasets_demo_small.csv
datasets/datasets_demo_small;dataset1622.csv;summaries;sum_datasets_demo_small.csv;indexes/datasets_demo_small/dataset1622_spatialIndex;rangeQueriesInputs;rqI_datasets_demo_small.csv
datasets/datasets_demo_small;dataset1623.csv;summaries;sum_datasets_demo_small.csv;indexes/datasets_demo_small/dataset1623_spatialIndex;rangeQueriesInputs;rqI_datasets_demo_small.csv
datasets/datasets_demo_small;dataset1624.csv;summaries;sum_datasets_demo_small.csv;indexes/datasets_demo_small/dataset1624_spatialIndex;rangeQueriesInputs;rqI_datasets_demo_small.csv
datasets/datasets_demo_small;dataset1625.csv;summaries;sum_datasets_demo_small.csv;indexes/datasets_demo_small/dataset1625_spatialIndex;rangeQueriesInputs;rqI_datasets_demo_small.csv
datasets/datasets_demo_small;dataset1626.csv;summaries;sum_datasets_demo_small.csv;indexes/datasets_demo_small/dataset1626_spatialIndex;rangeQueriesInputs;rqI_datasets_demo_small.csv
datasets/datasets_demo_small;dataset1627.csv;summaries;sum_datasets_demo_small.csv;indexes/datasets_demo_small/dataset1627_spatialIndex;rangeQueriesInputs;rqI_datasets_demo_small.csv
datasets/datasets_demo_small;dataset1628.csv;summaries;sum_datasets_demo_small.csv;indexes/datasets_demo_small/dataset1628_spatialIndex;rangeQueriesInputs;rqI_datasets_demo_small.csv
datasets/datasets_demo_small;dataset1629.csv;summaries;sum_datasets_demo_small.csv;indexes/datasets_demo_small/dataset1629_spatialIndex;rangeQueriesInputs;rqI_datasets_demo_small.csv
datasets/datasets_demo_small;dataset1630.csv;summaries;sum_datasets_demo_small.csv;indexes/datasets_demo_small/dataset1630_spatialIndex;rangeQueriesInputs;rqI_datasets_demo_small.csv
datasets/datasets_demo_small;dataset1631.csv;summaries;sum_datasets_demo_small.csv;indexes/datasets_demo_small/dataset1631_spatialIndex;rangeQueriesInputs;rqI_datasets_demo_small.csv
datasets/datasets_demo_small;dataset1632.csv;summaries;sum_datasets_demo_small.csv;indexes/datasets_demo_small/dataset1632_spatialIndex;rangeQueriesInputs;rqI_datasets_demo_small.csv
datasets/datasets_demo_small;dataset1633.csv;summaries;sum_datasets_demo_small.csv;indexes/datasets_demo_small/dataset1633_spatialIndex;rangeQueriesInputs;rqI_datasets_demo_small.csv
datasets/datasets_demo_small;dataset1634.csv;summaries;sum_datasets_demo_small.csv;indexes/datasets_demo_small/dataset1634_spatialIndex;rangeQueriesInputs;rqI_datasets_demo_small.csv
datasets/datasets_demo_small;dataset1635.csv;summaries;sum_datasets_demo_small.csv;indexes/datasets_demo_small/dataset1635_spatialIndex;rangeQueriesInputs;rqI_datasets_demo_small.csv
datasets/datasets_demo_small;dataset1636.csv;summaries;sum_datasets_demo_small.csv;indexes/datasets_demo_small/dataset1636_spatialIndex;rangeQueriesInputs;rqI_datasets_demo_small.csv
datasets/datasets_demo_small;dataset1637.csv;summaries;sum_datasets_demo_small.csv;indexes/datasets_demo_small/dataset1637_spatialIndex;rangeQueriesInputs;rqI_datasets_demo_small.csv
datasets/datasets_demo_small;dataset1638.csv;summaries;sum_datasets_demo_small.csv;indexes/datasets_demo_small/dataset1638_spatialIndex;rangeQueriesInputs;rqI_datasets_demo_small.csv
datasets/datasets_demo_small;dataset1639.csv;summaries;sum_datasets_demo_small.csv;indexes/datasets_demo_small/dataset1639_spatialIndex;rangeQueriesInputs;rqI_datasets_demo_small.csv
datasets/datasets_demo_small;dataset1640.csv;summaries;sum_datasets_demo_small.csv;indexes/datasets_demo_small/dataset1640_spatialIndex;rangeQueriesInputs;rqI_datasets_demo_small.csv
datasets/datasets_demo_small;dataset1641.csv;summaries;sum_datasets_demo_small.csv;indexes/datasets_demo_small/dataset1641_spatialIndex;rangeQueriesInputs;rqI_datasets_demo_small.csv
datasets/datasets_demo_small;dataset1642.csv;summaries;sum_datasets_demo_small.csv;indexes/datasets_demo_small/dataset1642_spatialIndex;rangeQueriesInputs;rqI_datasets_demo_small.csv
datasets/datasets_demo_small;dataset1643.csv;summaries;sum_datasets_demo_small.csv;indexes/datasets_demo_small/dataset1643_spatialIndex;rangeQueriesInputs;rqI_datasets_demo_small.csv
datasets/datasets_demo_small;dataset1644.csv;summaries;sum_datasets_demo_small.csv;indexes/datasets_demo_small/dataset1644_spatialIndex;rangeQueriesInputs;rqI_datasets_demo_small.csv
datasets/datasets_demo_small;dataset1645.csv;summaries;sum_datasets_demo_small.csv;indexes/datasets_demo_small/dataset1645_spatialIndex;rangeQueriesInputs;rqI_datasets_demo_small.csv
datasets/datasets_demo_small;dataset1646.csv;summaries;sum_datasets_demo_small.csv;indexes/datasets_demo_small/dataset1646_spatialIndex;rangeQueriesInputs;rqI_datasets_demo_small.csv
datasets/datasets_demo_small;dataset1647.csv;summaries;sum_datasets_demo_small.csv;indexes/datasets_demo_small/dataset1647_spatialIndex;rangeQueriesInputs;rqI_datasets_demo_small.csv
datasets/datasets_demo_small;dataset1648.csv;summaries;sum_datasets_demo_small.csv;indexes/datasets_demo_small/dataset1648_spatialIndex;rangeQueriesInputs;rqI_datasets_demo_small.csv
datasets/datasets_demo_small;dataset1649.csv;summaries;sum_datasets_demo_small.csv;indexes/datasets_demo_small/dataset1649_spatialIndex;rangeQueriesInputs;rqI_datasets_demo_small.csv
datasets/datasets_demo_small;dataset1650.csv;summaries;sum_datasets_demo_small.csv;indexes/datasets_demo_small/dataset1650_spatialIndex;rangeQueriesInputs;rqI_datasets_demo_small.csv
datasets/datasets_demo_small;dataset1801.csv;summaries;sum_datasets_demo_small.csv;indexes/datasets_demo_small/dataset1801_spatialIndex;rangeQueriesInputs;rqI_datasets_demo_small.csv
datasets/datasets_demo_small;dataset1802.csv;summaries;sum_datasets_demo_small.csv;indexes/datasets_demo_small/dataset1802_spatialIndex;rangeQueriesInputs;rqI_datasets_demo_small.csv
datasets/datasets_demo_small;dataset1803.csv;summaries;sum_datasets_demo_small.csv;indexes/datasets_demo_small/dataset1803_spatialIndex;rangeQueriesInputs;rqI_datasets_demo_small.csv
datasets/datasets_demo_small;dataset1804.csv;summaries;sum_datasets_demo_small.csv;indexes/datasets_demo_small/dataset1804_spatialIndex;rangeQueriesInputs;rqI_datasets_demo_small.csv
datasets/datasets_demo_small;dataset1805.csv;summaries;sum_datasets_demo_small.csv;indexes/datasets_demo_small/dataset1805_spatialIndex;rangeQueriesInputs;rqI_datasets_demo_small.csv
datasets/datasets_demo_small;dataset1806.csv;summaries;sum_datasets_demo_small.csv;indexes/datasets_demo_small/dataset1806_spatialIndex;rangeQueriesInputs;rqI_datasets_demo_small.csv
datasets/datasets_demo_small;dataset1807.csv;summaries;sum_datasets_demo_small.csv;indexes/datasets_demo_small/dataset1807_spatialIndex;rangeQueriesInputs;rqI_datasets_demo_small.csv
datasets/datasets_demo_small;dataset1808.csv;summaries;sum_datasets_demo_small.csv;indexes/datasets_demo_small/dataset1808_spatialIndex;rangeQueriesInputs;rqI_datasets_demo_small.csv
datasets/datasets_demo_small;dataset1809.csv;summaries;sum_datasets_demo_small.csv;indexes/datasets_demo_small/dataset1809_spatialIndex;rangeQueriesInputs;rqI_datasets_demo_small.csv
datasets/datasets_demo_small;dataset1810.csv;summaries;sum_datasets_demo_small.csv;indexes/datasets_demo_small/dataset1810_spatialIndex;rangeQueriesInputs;rqI_datasets_demo_small.csv
datasets/datasets_demo_small;dataset1811.csv;summaries;sum_datasets_demo_small.csv;indexes/datasets_demo_small/dataset1811_spatialIndex;rangeQueriesInputs;rqI_datasets_demo_small.csv
datasets/datasets_demo_small;dataset1812.csv;summaries;sum_datasets_demo_small.csv;indexes/datasets_demo_small/dataset1812_spatialIndex;rangeQueriesInputs;rqI_datasets_demo_small.csv
datasets/datasets_demo_small;dataset1813.csv;summaries;sum_datasets_demo_small.csv;indexes/datasets_demo_small/dataset1813_spatialIndex;rangeQueriesInputs;rqI_datasets_demo_small.csv
datasets/datasets_demo_small;dataset1814.csv;summaries;sum_datasets_demo_small.csv;indexes/datasets_demo_small/dataset1814_spatialIndex;rangeQueriesInputs;rqI_datasets_demo_small.csv
datasets/datasets_demo_small;dataset1815.csv;summaries;sum_datasets_demo_small.csv;indexes/datasets_demo_small/dataset1815_spatialIndex;rangeQueriesInputs;rqI_datasets_demo_small.csv
datasets/datasets_demo_small;dataset1816.csv;summaries;sum_datasets_demo_small.csv;indexes/datasets_demo_small/dataset1816_spatialIndex;rangeQueriesInputs;rqI_datasets_demo_small.csv
datasets/datasets_demo_small;dataset1817.csv;summaries;sum_datasets_demo_small.csv;indexes/datasets_demo_small/dataset1817_spatialIndex;rangeQueriesInputs;rqI_datasets_demo_small.csv
datasets/datasets_demo_small;dataset1818.csv;summaries;sum_datasets_demo_small.csv;indexes/datasets_demo_small/dataset1818_spatialIndex;rangeQueriesInputs;rqI_datasets_demo_small.csv
datasets/datasets_demo_small;dataset1819.csv;summaries;sum_datasets_demo_small.csv;indexes/datasets_demo_small/dataset1819_spatialIndex;rangeQueriesInputs;rqI_datasets_demo_small.csv
datasets/datasets_demo_small;dataset1820.csv;summaries;sum_datasets_demo_small.csv;indexes/datasets_demo_small/dataset1820_spatialIndex;rangeQueriesInputs;rqI_datasets_demo_small.csv
datasets/datasets_demo_small;dataset1821.csv;summaries;sum_datasets_demo_small.csv;indexes/datasets_demo_small/dataset1821_spatialIndex;rangeQueriesInputs;rqI_datasets_demo_small.csv
datasets/datasets_demo_small;dataset1822.csv;summaries;sum_datasets_demo_small.csv;indexes/datasets_demo_small/dataset1822_spatialIndex;rangeQueriesInputs;rqI_datasets_demo_small.csv
datasets/datasets_demo_small;dataset1823.csv;summaries;sum_datasets_demo_small.csv;indexes/datasets_demo_small/dataset1823_spatialIndex;rangeQueriesInputs;rqI_datasets_demo_small.csv
datasets/datasets_demo_small;dataset1824.csv;summaries;sum_datasets_demo_small.csv;indexes/datasets_demo_small/dataset1824_spatialIndex;rangeQueriesInputs;rqI_datasets_demo_small.csv
datasets/datasets_demo_small;dataset1825.csv;summaries;sum_datasets_demo_small.csv;indexes/datasets_demo_small/dataset1825_spatialIndex;rangeQueriesInputs;rqI_datasets_demo_small.csv
datasets/datasets_demo_small;dataset1826.csv;summaries;sum_datasets_demo_small.csv;indexes/datasets_demo_small/dataset1826_spatialIndex;rangeQueriesInputs;rqI_datasets_demo_small.csv
datasets/datasets_demo_small;dataset1827.csv;summaries;sum_datasets_demo_small.csv;indexes/datasets_demo_small/dataset1827_spatialIndex;rangeQueriesInputs;rqI_datasets_demo_small.csv
datasets/datasets_demo_small;dataset1828.csv;summaries;sum_datasets_demo_small.csv;indexes/datasets_demo_small/dataset1828_spatialIndex;rangeQueriesInputs;rqI_datasets_demo_small.csv
datasets/datasets_demo_small;dataset1829.csv;summaries;sum_datasets_demo_small.csv;indexes/datasets_demo_small/dataset1829_spatialIndex;rangeQueriesInputs;rqI_datasets_demo_small.csv
datasets/datasets_demo_small;dataset1830.csv;summaries;sum_datasets_demo_small.csv;indexes/datasets_demo_small/dataset1830_spatialIndex;rangeQueriesInputs;rqI_datasets_demo_small.csv
datasets/datasets_demo_small;dataset1831.csv;summaries;sum_datasets_demo_small.csv;indexes/datasets_demo_small/dataset1831_spatialIndex;rangeQueriesInputs;rqI_datasets_demo_small.csv
datasets/datasets_demo_small;dataset1832.csv;summaries;sum_datasets_demo_small.csv;indexes/datasets_demo_small/dataset1832_spatialIndex;rangeQueriesInputs;rqI_datasets_demo_small.csv
datasets/datasets_demo_small;dataset1833.csv;summaries;sum_datasets_demo_small.csv;indexes/datasets_demo_small/dataset1833_spatialIndex;rangeQueriesInputs;rqI_datasets_demo_small.csv
datasets/datasets_demo_small;dataset1834.csv;summaries;sum_datasets_demo_small.csv;indexes/datasets_demo_small/dataset1834_spatialIndex;rangeQueriesInputs;rqI_datasets_demo_small.csv
datasets/datasets_demo_small;dataset1835.csv;summaries;sum_datasets_demo_small.csv;indexes/datasets_demo_small/dataset1835_spatialIndex;rangeQueriesInputs;rqI_datasets_demo_small.csv
datasets/datasets_demo_small;dataset1836.csv;summaries;sum_datasets_demo_small.csv;indexes/datasets_demo_small/dataset1836_spatialIndex;rangeQueriesInputs;rqI_datasets_demo_small.csv
datasets/datasets_demo_small;dataset1837.csv;summaries;sum_datasets_demo_small.csv;indexes/datasets_demo_small/dataset1837_spatialIndex;rangeQueriesInputs;rqI_datasets_demo_small.csv
datasets/datasets_demo_small;dataset1838.csv;summaries;sum_datasets_demo_small.csv;indexes/datasets_demo_small/dataset1838_spatialIndex;rangeQueriesInputs;rqI_datasets_demo_small.csv
datasets/datasets_demo_small;dataset1839.csv;summaries;sum_datasets_demo_small.csv;indexes/datasets_demo_small/dataset1839_spatialIndex;rangeQueriesInputs;rqI_datasets_demo_small.csv
datasets/datasets_demo_small;dataset1840.csv;summaries;sum_datasets_demo_small.csv;indexes/datasets_demo_small/dataset1840_spatialIndex;rangeQueriesInputs;rqI_datasets_demo_small.csv
datasets/datasets_demo_small;dataset1841.csv;summaries;sum_datasets_demo_small.csv;indexes/datasets_demo_small/dataset1841_spatialIndex;rangeQueriesInputs;rqI_datasets_demo_small.csv
datasets/datasets_demo_small;dataset1842.csv;summaries;sum_datasets_demo_small.csv;indexes/datasets_demo_small/dataset1842_spatialIndex;rangeQueriesInputs;rqI_datasets_demo_small.csv
datasets/datasets_demo_small;dataset1843.csv;summaries;sum_datasets_demo_small.csv;indexes/datasets_demo_small/dataset1843_spatialIndex;rangeQueriesInputs;rqI_datasets_demo_small.csv
datasets/datasets_demo_small;dataset1844.csv;summaries;sum_datasets_demo_small.csv;indexes/datasets_demo_small/dataset1844_spatialIndex;rangeQueriesInputs;rqI_datasets_demo_small.csv
datasets/datasets_demo_small;dataset1845.csv;summaries;sum_datasets_demo_small.csv;indexes/datasets_demo_small/dataset1845_spatialIndex;rangeQueriesInputs;rqI_datasets_demo_small.csv
datasets/datasets_demo_small;dataset1846.csv;summaries;sum_datasets_demo_small.csv;indexes/datasets_demo_small/dataset1846_spatialIndex;rangeQueriesInputs;rqI_datasets_demo_small.csv
datasets/datasets_demo_small;dataset1847.csv;summaries;sum_datasets_demo_small.csv;indexes/datasets_demo_small/dataset1847_spatialIndex;rangeQueriesInputs;rqI_datasets_demo_small.csv
datasets/datasets_demo_small;dataset1848.csv;summaries;sum_datasets_demo_small.csv;indexes/datasets_demo_small/dataset1848_spatialIndex;rangeQueriesInputs;rqI_datasets_demo_small.csv
datasets/datasets_demo_small;dataset1849.csv;summaries;sum_datasets_demo_small.csv;indexes/datasets_demo_small/dataset1849_spatialIndex;rangeQueriesInputs;rqI_datasets_demo_small.csv
datasets/datasets_demo_small;dataset1850.csv;summaries;sum_datasets_demo_small.csv;indexes/datasets_demo_small/dataset1850_spatialIndex;rangeQueriesInputs;rqI_datasets_demo_small.csv
