pathDatasets;nameDataset;pathIndexes;typePartition;num
/data/parent_dir_dataset/collection_20251026_234621_89c63bf5;dataset0001.csv;/data/indexes/collection_20251026_234621_89c63bf5;partitions;5
/data/parent_dir_dataset/collection_20251026_234621_89c63bf5;dataset0002.csv;/data/indexes/collection_20251026_234621_89c63bf5;partitions;5
/data/parent_dir_dataset/collection_20251026_234621_89c63bf5;dataset0003.csv;/data/indexes/collection_20251026_234621_89c63bf5;partitions;5
/data/parent_dir_dataset/collection_20251026_234621_89c63bf5;dataset0004.csv;/data/indexes/collection_20251026_234621_89c63bf5;partitions;5
/data/parent_dir_dataset/collection_20251026_234621_89c63bf5;dataset0005.csv;/data/indexes/collection_20251026_234621_89c63bf5;partitions;5
/data/parent_dir_dataset/collection_20251026_234621_89c63bf5;dataset0006.csv;/data/indexes/collection_20251026_234621_89c63bf5;partitions;5
/data/parent_dir_dataset/collection_20251026_234621_89c63bf5;dataset0007.csv;/data/indexes/collection_20251026_234621_89c63bf5;partitions;5
/data/parent_dir_dataset/collection_20251026_234621_89c63bf5;dataset0008.csv;/data/indexes/collection_20251026_234621_89c63bf5;partitions;5
/data/parent_dir_dataset/collection_20251026_234621_89c63bf5;dataset0009.csv;/data/indexes/collection_20251026_234621_89c63bf5;partitions;5
/data/parent_dir_dataset/collection_20251026_234621_89c63bf5;dataset0010.csv;/data/indexes/collection_20251026_234621_89c63bf5;partitions;5
/data/parent_dir_dataset/collection_20251026_234621_89c63bf5;dataset0011.csv;/data/indexes/collection_20251026_234621_89c63bf5;partitions;5
/data/parent_dir_dataset/collection_20251026_234621_89c63bf5;dataset0012.csv;/data/indexes/collection_20251026_234621_89c63bf5;partitions;5
/data/parent_dir_dataset/collection_20251026_234621_89c63bf5;dataset0013.csv;/data/indexes/collection_20251026_234621_89c63bf5;partitions;5
/data/parent_dir_dataset/collection_20251026_234621_89c63bf5;dataset0014.csv;/data/indexes/collection_20251026_234621_89c63bf5;partitions;5
/data/parent_dir_dataset/collection_20251026_234621_89c63bf5;dataset0015.csv;/data/indexes/collection_20251026_234621_89c63bf5;partitions;5
/data/parent_dir_dataset/collection_20251026_234621_89c63bf5;dataset0016.csv;/data/indexes/collection_20251026_234621_89c63bf5;partitions;5
/data/parent_dir_dataset/collection_20251026_234621_89c63bf5;dataset0017.csv;/data/indexes/collection_20251026_234621_89c63bf5;partitions;5
/data/parent_dir_dataset/collection_20251026_234621_89c63bf5;dataset0018.csv;/data/indexes/collection_20251026_234621_89c63bf5;partitions;5
/data/parent_dir_dataset/collection_20251026_234621_89c63bf5;dataset0019.csv;/data/indexes/collection_20251026_234621_89c63bf5;partitions;5
/data/parent_dir_dataset/collection_20251026_234621_89c63bf5;dataset0020.csv;/data/indexes/collection_20251026_234621_89c63bf5;partitions;5
/data/parent_dir_dataset/collection_20251026_234621_89c63bf5;dataset0021.csv;/data/indexes/collection_20251026_234621_89c63bf5;partitions;5
/data/parent_dir_dataset/collection_20251026_234621_89c63bf5;dataset0022.csv;/data/indexes/collection_20251026_234621_89c63bf5;partitions;5
/data/parent_dir_dataset/collection_20251026_234621_89c63bf5;dataset0023.csv;/data/indexes/collection_20251026_234621_89c63bf5;partitions;5
/data/parent_dir_dataset/collection_20251026_234621_89c63bf5;dataset0024.csv;/data/indexes/collection_20251026_234621_89c63bf5;partitions;5
/data/parent_dir_dataset/collection_20251026_234621_89c63bf5;dataset0025.csv;/data/indexes/collection_20251026_234621_89c63bf5;partitions;5
/data/parent_dir_dataset/collection_20251026_234621_89c63bf5;dataset0026.csv;/data/indexes/collection_20251026_234621_89c63bf5;partitions;5
/data/parent_dir_dataset/collection_20251026_234621_89c63bf5;dataset0027.csv;/data/indexes/collection_20251026_234621_89c63bf5;partitions;5
/data/parent_dir_dataset/collection_20251026_234621_89c63bf5;dataset0028.csv;/data/indexes/collection_20251026_234621_89c63bf5;partitions;5
/data/parent_dir_dataset/collection_20251026_234621_89c63bf5;dataset0029.csv;/data/indexes/collection_20251026_234621_89c63bf5;partitions;5
/data/parent_dir_dataset/collection_20251026_234621_89c63bf5;dataset0030.csv;/data/indexes/collection_20251026_234621_89c63bf5;partitions;5
/data/parent_dir_dataset/collection_20251026_234621_89c63bf5;dataset0031.csv;/data/indexes/collection_20251026_234621_89c63bf5;partitions;5
/data/parent_dir_dataset/collection_20251026_234621_89c63bf5;dataset0032.csv;/data/indexes/collection_20251026_234621_89c63bf5;partitions;5
/data/parent_dir_dataset/collection_20251026_234621_89c63bf5;dataset0033.csv;/data/indexes/collection_20251026_234621_89c63bf5;partitions;5
/data/parent_dir_dataset/collection_20251026_234621_89c63bf5;dataset0034.csv;/data/indexes/collection_20251026_234621_89c63bf5;partitions;5
/data/parent_dir_dataset/collection_20251026_234621_89c63bf5;dataset0035.csv;/data/indexes/collection_20251026_234621_89c63bf5;partitions;5
/data/parent_dir_dataset/collection_20251026_234621_89c63bf5;dataset0036.csv;/data/indexes/collection_20251026_234621_89c63bf5;partitions;5
/data/parent_dir_dataset/collection_20251026_234621_89c63bf5;dataset0037.csv;/data/indexes/collection_20251026_234621_89c63bf5;partitions;5
/data/parent_dir_dataset/collection_20251026_234621_89c63bf5;dataset0038.csv;/data/indexes/collection_20251026_234621_89c63bf5;partitions;5
/data/parent_dir_dataset/collection_20251026_234621_89c63bf5;dataset0039.csv;/data/indexes/collection_20251026_234621_89c63bf5;partitions;5
/data/parent_dir_dataset/collection_20251026_234621_89c63bf5;dataset0040.csv;/data/indexes/collection_20251026_234621_89c63bf5;partitions;5
/data/parent_dir_dataset/collection_20251026_234621_89c63bf5;dataset0041.csv;/data/indexes/collection_20251026_234621_89c63bf5;partitions;5
/data/parent_dir_dataset/collection_20251026_234621_89c63bf5;dataset0042.csv;/data/indexes/collection_20251026_234621_89c63bf5;partitions;5
/data/parent_dir_dataset/collection_20251026_234621_89c63bf5;dataset0043.csv;/data/indexes/collection_20251026_234621_89c63bf5;partitions;5
/data/parent_dir_dataset/collection_20251026_234621_89c63bf5;dataset0044.csv;/data/indexes/collection_20251026_234621_89c63bf5;partitions;5
/data/parent_dir_dataset/collection_20251026_234621_89c63bf5;dataset0045.csv;/data/indexes/collection_20251026_234621_89c63bf5;partitions;5
/data/parent_dir_dataset/collection_20251026_234621_89c63bf5;dataset0046.csv;/data/indexes/collection_20251026_234621_89c63bf5;partitions;5
/data/parent_dir_dataset/collection_20251026_234621_89c63bf5;dataset0047.csv;/data/indexes/collection_20251026_234621_89c63bf5;partitions;5
/data/parent_dir_dataset/collection_20251026_234621_89c63bf5;dataset0048.csv;/data/indexes/collection_20251026_234621_89c63bf5;partitions;5
/data/parent_dir_dataset/collection_20251026_234621_89c63bf5;dataset0049.csv;/data/indexes/collection_20251026_234621_89c63bf5;partitions;5
/data/parent_dir_dataset/collection_20251026_234621_89c63bf5;dataset0050.csv;/data/indexes/collection_20251026_234621_89c63bf5;partitions;5
/data/parent_dir_dataset/collection_20251026_234621_89c63bf5;dataset0051.csv;/data/indexes/collection_20251026_234621_89c63bf5;partitions;5
/data/parent_dir_dataset/collection_20251026_234621_89c63bf5;dataset0052.csv;/data/indexes/collection_20251026_234621_89c63bf5;partitions;5
/data/parent_dir_dataset/collection_20251026_234621_89c63bf5;dataset0053.csv;/data/indexes/collection_20251026_234621_89c63bf5;partitions;5
/data/parent_dir_dataset/collection_20251026_234621_89c63bf5;dataset0054.csv;/data/indexes/collection_20251026_234621_89c63bf5;partitions;5
/data/parent_dir_dataset/collection_20251026_234621_89c63bf5;dataset0055.csv;/data/indexes/collection_20251026_234621_89c63bf5;partitions;5
/data/parent_dir_dataset/collection_20251026_234621_89c63bf5;dataset0056.csv;/data/indexes/collection_20251026_234621_89c63bf5;partitions;5
/data/parent_dir_dataset/collection_20251026_234621_89c63bf5;dataset0057.csv;/data/indexes/collection_20251026_234621_89c63bf5;partitions;5
/data/parent_dir_dataset/collection_20251026_234621_89c63bf5;dataset0058.csv;/data/indexes/collection_20251026_234621_89c63bf5;partitions;5
/data/parent_dir_dataset/collection_20251026_234621_89c63bf5;dataset0059.csv;/data/indexes/collection_20251026_234621_89c63bf5;partitions;5
/data/parent_dir_dataset/collection_20251026_234621_89c63bf5;dataset0060.csv;/data/indexes/collection_20251026_234621_89c63bf5;partitions;5
/data/parent_dir_dataset/collection_20251026_234621_89c63bf5;dataset0061.csv;/data/indexes/collection_20251026_234621_89c63bf5;partitions;5
/data/parent_dir_dataset/collection_20251026_234621_89c63bf5;dataset0062.csv;/data/indexes/collection_20251026_234621_89c63bf5;partitions;5
/data/parent_dir_dataset/collection_20251026_234621_89c63bf5;dataset0063.csv;/data/indexes/collection_20251026_234621_89c63bf5;partitions;5
/data/parent_dir_dataset/collection_20251026_234621_89c63bf5;dataset0064.csv;/data/indexes/collection_20251026_234621_89c63bf5;partitions;5
/data/parent_dir_dataset/collection_20251026_234621_89c63bf5;dataset0065.csv;/data/indexes/collection_20251026_234621_89c63bf5;partitions;5
/data/parent_dir_dataset/collection_20251026_234621_89c63bf5;dataset0066.csv;/data/indexes/collection_20251026_234621_89c63bf5;partitions;5
/data/parent_dir_dataset/collection_20251026_234621_89c63bf5;dataset0067.csv;/data/indexes/collection_20251026_234621_89c63bf5;partitions;5
/data/parent_dir_dataset/collection_20251026_234621_89c63bf5;dataset0068.csv;/data/indexes/collection_20251026_234621_89c63bf5;partitions;5
/data/parent_dir_dataset/collection_20251026_234621_89c63bf5;dataset0069.csv;/data/indexes/collection_20251026_234621_89c63bf5;partitions;5
/data/parent_dir_dataset/collection_20251026_234621_89c63bf5;dataset0070.csv;/data/indexes/collection_20251026_234621_89c63bf5;partitions;5
/data/parent_dir_dataset/collection_20251026_234621_89c63bf5;dataset0071.csv;/data/indexes/collection_20251026_234621_89c63bf5;partitions;5
/data/parent_dir_dataset/collection_20251026_234621_89c63bf5;dataset0072.csv;/data/indexes/collection_20251026_234621_89c63bf5;partitions;5
/data/parent_dir_dataset/collection_20251026_234621_89c63bf5;dataset0073.csv;/data/indexes/collection_20251026_234621_89c63bf5;partitions;5
/data/parent_dir_dataset/collection_20251026_234621_89c63bf5;dataset0074.csv;/data/indexes/collection_20251026_234621_89c63bf5;partitions;5
/data/parent_dir_dataset/collection_20251026_234621_89c63bf5;dataset0075.csv;/data/indexes/collection_20251026_234621_89c63bf5;partitions;5
/data/parent_dir_dataset/collection_20251026_234621_89c63bf5;dataset0076.csv;/data/indexes/collection_20251026_234621_89c63bf5;partitions;5
/data/parent_dir_dataset/collection_20251026_234621_89c63bf5;dataset0077.csv;/data/indexes/collection_20251026_234621_89c63bf5;partitions;5
/data/parent_dir_dataset/collection_20251026_234621_89c63bf5;dataset0078.csv;/data/indexes/collection_20251026_234621_89c63bf5;partitions;5
/data/parent_dir_dataset/collection_20251026_234621_89c63bf5;dataset0079.csv;/data/indexes/collection_20251026_234621_89c63bf5;partitions;5
/data/parent_dir_dataset/collection_20251026_234621_89c63bf5;dataset0080.csv;/data/indexes/collection_20251026_234621_89c63bf5;partitions;5
/data/parent_dir_dataset/collection_20251026_234621_89c63bf5;dataset0081.csv;/data/indexes/collection_20251026_234621_89c63bf5;partitions;5
/data/parent_dir_dataset/collection_20251026_234621_89c63bf5;dataset0082.csv;/data/indexes/collection_20251026_234621_89c63bf5;partitions;5
/data/parent_dir_dataset/collection_20251026_234621_89c63bf5;dataset0083.csv;/data/indexes/collection_20251026_234621_89c63bf5;partitions;5
/data/parent_dir_dataset/collection_20251026_234621_89c63bf5;dataset0084.csv;/data/indexes/collection_20251026_234621_89c63bf5;partitions;5
/data/parent_dir_dataset/collection_20251026_234621_89c63bf5;dataset0085.csv;/data/indexes/collection_20251026_234621_89c63bf5;partitions;5
/data/parent_dir_dataset/collection_20251026_234621_89c63bf5;dataset0086.csv;/data/indexes/collection_20251026_234621_89c63bf5;partitions;5
/data/parent_dir_dataset/collection_20251026_234621_89c63bf5;dataset0087.csv;/data/indexes/collection_20251026_234621_89c63bf5;partitions;5
/data/parent_dir_dataset/collection_20251026_234621_89c63bf5;dataset0088.csv;/data/indexes/collection_20251026_234621_89c63bf5;partitions;5
/data/parent_dir_dataset/collection_20251026_234621_89c63bf5;dataset0089.csv;/data/indexes/collection_20251026_234621_89c63bf5;partitions;5
/data/parent_dir_dataset/collection_20251026_234621_89c63bf5;dataset0090.csv;/data/indexes/collection_20251026_234621_89c63bf5;partitions;5
/data/parent_dir_dataset/collection_20251026_234621_89c63bf5;dataset0091.csv;/data/indexes/collection_20251026_234621_89c63bf5;partitions;5
/data/parent_dir_dataset/collection_20251026_234621_89c63bf5;dataset0092.csv;/data/indexes/collection_20251026_234621_89c63bf5;partitions;5
/data/parent_dir_dataset/collection_20251026_234621_89c63bf5;dataset0093.csv;/data/indexes/collection_20251026_234621_89c63bf5;partitions;5
/data/parent_dir_dataset/collection_20251026_234621_89c63bf5;dataset0094.csv;/data/indexes/collection_20251026_234621_89c63bf5;partitions;5
/data/parent_dir_dataset/collection_20251026_234621_89c63bf5;dataset0095.csv;/data/indexes/collection_20251026_234621_89c63bf5;partitions;5
/data/parent_dir_dataset/collection_20251026_234621_89c63bf5;dataset0096.csv;/data/indexes/collection_20251026_234621_89c63bf5;partitions;5
/data/parent_dir_dataset/collection_20251026_234621_89c63bf5;dataset0097.csv;/data/indexes/collection_20251026_234621_89c63bf5;partitions;5
/data/parent_dir_dataset/collection_20251026_234621_89c63bf5;dataset0098.csv;/data/indexes/collection_20251026_234621_89c63bf5;partitions;5
/data/parent_dir_dataset/collection_20251026_234621_89c63bf5;dataset0099.csv;/data/indexes/collection_20251026_234621_89c63bf5;partitions;5
/data/parent_dir_dataset/collection_20251026_234621_89c63bf5;dataset0100.csv;/data/indexes/collection_20251026_234621_89c63bf5;partitions;5
/data/parent_dir_dataset/collection_20251026_234621_89c63bf5;dataset1001.csv;/data/indexes/collection_20251026_234621_89c63bf5;partitions;5
/data/parent_dir_dataset/collection_20251026_234621_89c63bf5;dataset1002.csv;/data/indexes/collection_20251026_234621_89c63bf5;partitions;5
/data/parent_dir_dataset/collection_20251026_234621_89c63bf5;dataset1003.csv;/data/indexes/collection_20251026_234621_89c63bf5;partitions;5
/data/parent_dir_dataset/collection_20251026_234621_89c63bf5;dataset1004.csv;/data/indexes/collection_20251026_234621_89c63bf5;partitions;5
/data/parent_dir_dataset/collection_20251026_234621_89c63bf5;dataset1005.csv;/data/indexes/collection_20251026_234621_89c63bf5;partitions;5
/data/parent_dir_dataset/collection_20251026_234621_89c63bf5;dataset1006.csv;/data/indexes/collection_20251026_234621_89c63bf5;partitions;5
/data/parent_dir_dataset/collection_20251026_234621_89c63bf5;dataset1007.csv;/data/indexes/collection_20251026_234621_89c63bf5;partitions;5
/data/parent_dir_dataset/collection_20251026_234621_89c63bf5;dataset1008.csv;/data/indexes/collection_20251026_234621_89c63bf5;partitions;5
/data/parent_dir_dataset/collection_20251026_234621_89c63bf5;dataset1009.csv;/data/indexes/collection_20251026_234621_89c63bf5;partitions;5
/data/parent_dir_dataset/collection_20251026_234621_89c63bf5;dataset1010.csv;/data/indexes/collection_20251026_234621_89c63bf5;partitions;5
/data/parent_dir_dataset/collection_20251026_234621_89c63bf5;dataset1011.csv;/data/indexes/collection_20251026_234621_89c63bf5;partitions;5
/data/parent_dir_dataset/collection_20251026_234621_89c63bf5;dataset1012.csv;/data/indexes/collection_20251026_234621_89c63bf5;partitions;5
/data/parent_dir_dataset/collection_20251026_234621_89c63bf5;dataset1013.csv;/data/indexes/collection_20251026_234621_89c63bf5;partitions;5
/data/parent_dir_dataset/collection_20251026_234621_89c63bf5;dataset1014.csv;/data/indexes/collection_20251026_234621_89c63bf5;partitions;5
/data/parent_dir_dataset/collection_20251026_234621_89c63bf5;dataset1015.csv;/data/indexes/collection_20251026_234621_89c63bf5;partitions;5
/data/parent_dir_dataset/collection_20251026_234621_89c63bf5;dataset1016.csv;/data/indexes/collection_20251026_234621_89c63bf5;partitions;5
/data/parent_dir_dataset/collection_20251026_234621_89c63bf5;dataset1017.csv;/data/indexes/collection_20251026_234621_89c63bf5;partitions;5
/data/parent_dir_dataset/collection_20251026_234621_89c63bf5;dataset1018.csv;/data/indexes/collection_20251026_234621_89c63bf5;partitions;5
/data/parent_dir_dataset/collection_20251026_234621_89c63bf5;dataset1019.csv;/data/indexes/collection_20251026_234621_89c63bf5;partitions;5
/data/parent_dir_dataset/collection_20251026_234621_89c63bf5;dataset1020.csv;/data/indexes/collection_20251026_234621_89c63bf5;partitions;5
/data/parent_dir_dataset/collection_20251026_234621_89c63bf5;dataset1021.csv;/data/indexes/collection_20251026_234621_89c63bf5;partitions;5
/data/parent_dir_dataset/collection_20251026_234621_89c63bf5;dataset1022.csv;/data/indexes/collection_20251026_234621_89c63bf5;partitions;5
/data/parent_dir_dataset/collection_20251026_234621_89c63bf5;dataset1023.csv;/data/indexes/collection_20251026_234621_89c63bf5;partitions;5
/data/parent_dir_dataset/collection_20251026_234621_89c63bf5;dataset1024.csv;/data/indexes/collection_20251026_234621_89c63bf5;partitions;5
/data/parent_dir_dataset/collection_20251026_234621_89c63bf5;dataset1025.csv;/data/indexes/collection_20251026_234621_89c63bf5;partitions;5
/data/parent_dir_dataset/collection_20251026_234621_89c63bf5;dataset1026.csv;/data/indexes/collection_20251026_234621_89c63bf5;partitions;5
/data/parent_dir_dataset/collection_20251026_234621_89c63bf5;dataset1027.csv;/data/indexes/collection_20251026_234621_89c63bf5;partitions;5
/data/parent_dir_dataset/collection_20251026_234621_89c63bf5;dataset1028.csv;/data/indexes/collection_20251026_234621_89c63bf5;partitions;5
/data/parent_dir_dataset/collection_20251026_234621_89c63bf5;dataset1029.csv;/data/indexes/collection_20251026_234621_89c63bf5;partitions;5
/data/parent_dir_dataset/collection_20251026_234621_89c63bf5;dataset1030.csv;/data/indexes/collection_20251026_234621_89c63bf5;partitions;5
/data/parent_dir_dataset/collection_20251026_234621_89c63bf5;dataset1031.csv;/data/indexes/collection_20251026_234621_89c63bf5;partitions;5
/data/parent_dir_dataset/collection_20251026_234621_89c63bf5;dataset1032.csv;/data/indexes/collection_20251026_234621_89c63bf5;partitions;5
/data/parent_dir_dataset/collection_20251026_234621_89c63bf5;dataset1033.csv;/data/indexes/collection_20251026_234621_89c63bf5;partitions;5
/data/parent_dir_dataset/collection_20251026_234621_89c63bf5;dataset1034.csv;/data/indexes/collection_20251026_234621_89c63bf5;partitions;5
/data/parent_dir_dataset/collection_20251026_234621_89c63bf5;dataset1035.csv;/data/indexes/collection_20251026_234621_89c63bf5;partitions;5
/data/parent_dir_dataset/collection_20251026_234621_89c63bf5;dataset1036.csv;/data/indexes/collection_20251026_234621_89c63bf5;partitions;5
/data/parent_dir_dataset/collection_20251026_234621_89c63bf5;dataset1037.csv;/data/indexes/collection_20251026_234621_89c63bf5;partitions;5
/data/parent_dir_dataset/collection_20251026_234621_89c63bf5;dataset1038.csv;/data/indexes/collection_20251026_234621_89c63bf5;partitions;5
/data/parent_dir_dataset/collection_20251026_234621_89c63bf5;dataset1039.csv;/data/indexes/collection_20251026_234621_89c63bf5;partitions;5
/data/parent_dir_dataset/collection_20251026_234621_89c63bf5;dataset1040.csv;/data/indexes/collection_20251026_234621_89c63bf5;partitions;5
/data/parent_dir_dataset/collection_20251026_234621_89c63bf5;dataset1041.csv;/data/indexes/collection_20251026_234621_89c63bf5;partitions;5
/data/parent_dir_dataset/collection_20251026_234621_89c63bf5;dataset1042.csv;/data/indexes/collection_20251026_234621_89c63bf5;partitions;5
/data/parent_dir_dataset/collection_20251026_234621_89c63bf5;dataset1043.csv;/data/indexes/collection_20251026_234621_89c63bf5;partitions;5
/data/parent_dir_dataset/collection_20251026_234621_89c63bf5;dataset1044.csv;/data/indexes/collection_20251026_234621_89c63bf5;partitions;5
/data/parent_dir_dataset/collection_20251026_234621_89c63bf5;dataset1045.csv;/data/indexes/collection_20251026_234621_89c63bf5;partitions;5
/data/parent_dir_dataset/collection_20251026_234621_89c63bf5;dataset1046.csv;/data/indexes/collection_20251026_234621_89c63bf5;partitions;5
/data/parent_dir_dataset/collection_20251026_234621_89c63bf5;dataset1047.csv;/data/indexes/collection_20251026_234621_89c63bf5;partitions;5
/data/parent_dir_dataset/collection_20251026_234621_89c63bf5;dataset1048.csv;/data/indexes/collection_20251026_234621_89c63bf5;partitions;5
/data/parent_dir_dataset/collection_20251026_234621_89c63bf5;dataset1049.csv;/data/indexes/collection_20251026_234621_89c63bf5;partitions;5
/data/parent_dir_dataset/collection_20251026_234621_89c63bf5;dataset1050.csv;/data/indexes/collection_20251026_234621_89c63bf5;partitions;5
/data/parent_dir_dataset/collection_20251026_234621_89c63bf5;dataset1201.csv;/data/indexes/collection_20251026_234621_89c63bf5;partitions;5
/data/parent_dir_dataset/collection_20251026_234621_89c63bf5;dataset1202.csv;/data/indexes/collection_20251026_234621_89c63bf5;partitions;5
/data/parent_dir_dataset/collection_20251026_234621_89c63bf5;dataset1203.csv;/data/indexes/collection_20251026_234621_89c63bf5;partitions;5
/data/parent_dir_dataset/collection_20251026_234621_89c63bf5;dataset1204.csv;/data/indexes/collection_20251026_234621_89c63bf5;partitions;5
/data/parent_dir_dataset/collection_20251026_234621_89c63bf5;dataset1205.csv;/data/indexes/collection_20251026_234621_89c63bf5;partitions;5
/data/parent_dir_dataset/collection_20251026_234621_89c63bf5;dataset1206.csv;/data/indexes/collection_20251026_234621_89c63bf5;partitions;5
/data/parent_dir_dataset/collection_20251026_234621_89c63bf5;dataset1207.csv;/data/indexes/collection_20251026_234621_89c63bf5;partitions;5
/data/parent_dir_dataset/collection_20251026_234621_89c63bf5;dataset1208.csv;/data/indexes/collection_20251026_234621_89c63bf5;partitions;5
/data/parent_dir_dataset/collection_20251026_234621_89c63bf5;dataset1209.csv;/data/indexes/collection_20251026_234621_89c63bf5;partitions;5
/data/parent_dir_dataset/collection_20251026_234621_89c63bf5;dataset1210.csv;/data/indexes/collection_20251026_234621_89c63bf5;partitions;5
/data/parent_dir_dataset/collection_20251026_234621_89c63bf5;dataset1211.csv;/data/indexes/collection_20251026_234621_89c63bf5;partitions;5
/data/parent_dir_dataset/collection_20251026_234621_89c63bf5;dataset1212.csv;/data/indexes/collection_20251026_234621_89c63bf5;partitions;5
/data/parent_dir_dataset/collection_20251026_234621_89c63bf5;dataset1213.csv;/data/indexes/collection_20251026_234621_89c63bf5;partitions;5
/data/parent_dir_dataset/collection_20251026_234621_89c63bf5;dataset1214.csv;/data/indexes/collection_20251026_234621_89c63bf5;partitions;5
/data/parent_dir_dataset/collection_20251026_234621_89c63bf5;dataset1215.csv;/data/indexes/collection_20251026_234621_89c63bf5;partitions;5
/data/parent_dir_dataset/collection_20251026_234621_89c63bf5;dataset1216.csv;/data/indexes/collection_20251026_234621_89c63bf5;partitions;5
/data/parent_dir_dataset/collection_20251026_234621_89c63bf5;dataset1217.csv;/data/indexes/collection_20251026_234621_89c63bf5;partitions;5
/data/parent_dir_dataset/collection_20251026_234621_89c63bf5;dataset1218.csv;/data/indexes/collection_20251026_234621_89c63bf5;partitions;5
/data/parent_dir_dataset/collection_20251026_234621_89c63bf5;dataset1219.csv;/data/indexes/collection_20251026_234621_89c63bf5;partitions;5
/data/parent_dir_dataset/collection_20251026_234621_89c63bf5;dataset1220.csv;/data/indexes/collection_20251026_234621_89c63bf5;partitions;5
/data/parent_dir_dataset/collection_20251026_234621_89c63bf5;dataset1221.csv;/data/indexes/collection_20251026_234621_89c63bf5;partitions;5
/data/parent_dir_dataset/collection_20251026_234621_89c63bf5;dataset1222.csv;/data/indexes/collection_20251026_234621_89c63bf5;partitions;5
/data/parent_dir_dataset/collection_20251026_234621_89c63bf5;dataset1223.csv;/data/indexes/collection_20251026_234621_89c63bf5;partitions;5
/data/parent_dir_dataset/collection_20251026_234621_89c63bf5;dataset1224.csv;/data/indexes/collection_20251026_234621_89c63bf5;partitions;5
/data/parent_dir_dataset/collection_20251026_234621_89c63bf5;dataset1225.csv;/data/indexes/collection_20251026_234621_89c63bf5;partitions;5
/data/parent_dir_dataset/collection_20251026_234621_89c63bf5;dataset1226.csv;/data/indexes/collection_20251026_234621_89c63bf5;partitions;5
/data/parent_dir_dataset/collection_20251026_234621_89c63bf5;dataset1227.csv;/data/indexes/collection_20251026_234621_89c63bf5;partitions;5
/data/parent_dir_dataset/collection_20251026_234621_89c63bf5;dataset1228.csv;/data/indexes/collection_20251026_234621_89c63bf5;partitions;5
/data/parent_dir_dataset/collection_20251026_234621_89c63bf5;dataset1229.csv;/data/indexes/collection_20251026_234621_89c63bf5;partitions;5
/data/parent_dir_dataset/collection_20251026_234621_89c63bf5;dataset1230.csv;/data/indexes/collection_20251026_234621_89c63bf5;partitions;5
/data/parent_dir_dataset/collection_20251026_234621_89c63bf5;dataset1231.csv;/data/indexes/collection_20251026_234621_89c63bf5;partitions;5
/data/parent_dir_dataset/collection_20251026_234621_89c63bf5;dataset1232.csv;/data/indexes/collection_20251026_234621_89c63bf5;partitions;5
/data/parent_dir_dataset/collection_20251026_234621_89c63bf5;dataset1233.csv;/data/indexes/collection_20251026_234621_89c63bf5;partitions;5
/data/parent_dir_dataset/collection_20251026_234621_89c63bf5;dataset1234.csv;/data/indexes/collection_20251026_234621_89c63bf5;partitions;5
/data/parent_dir_dataset/collection_20251026_234621_89c63bf5;dataset1235.csv;/data/indexes/collection_20251026_234621_89c63bf5;partitions;5
/data/parent_dir_dataset/collection_20251026_234621_89c63bf5;dataset1236.csv;/data/indexes/collection_20251026_234621_89c63bf5;partitions;5
/data/parent_dir_dataset/collection_20251026_234621_89c63bf5;dataset1237.csv;/data/indexes/collection_20251026_234621_89c63bf5;partitions;5
/data/parent_dir_dataset/collection_20251026_234621_89c63bf5;dataset1238.csv;/data/indexes/collection_20251026_234621_89c63bf5;partitions;5
/data/parent_dir_dataset/collection_20251026_234621_89c63bf5;dataset1239.csv;/data/indexes/collection_20251026_234621_89c63bf5;partitions;5
/data/parent_dir_dataset/collection_20251026_234621_89c63bf5;dataset1240.csv;/data/indexes/collection_20251026_234621_89c63bf5;partitions;5
/data/parent_dir_dataset/collection_20251026_234621_89c63bf5;dataset1241.csv;/data/indexes/collection_20251026_234621_89c63bf5;partitions;5
/data/parent_dir_dataset/collection_20251026_234621_89c63bf5;dataset1242.csv;/data/indexes/collection_20251026_234621_89c63bf5;partitions;5
/data/parent_dir_dataset/collection_20251026_234621_89c63bf5;dataset1243.csv;/data/indexes/collection_20251026_234621_89c63bf5;partitions;5
/data/parent_dir_dataset/collection_20251026_234621_89c63bf5;dataset1244.csv;/data/indexes/collection_20251026_234621_89c63bf5;partitions;5
/data/parent_dir_dataset/collection_20251026_234621_89c63bf5;dataset1245.csv;/data/indexes/collection_20251026_234621_89c63bf5;partitions;5
/data/parent_dir_dataset/collection_20251026_234621_89c63bf5;dataset1246.csv;/data/indexes/collection_20251026_234621_89c63bf5;partitions;5
/data/parent_dir_dataset/collection_20251026_234621_89c63bf5;dataset1247.csv;/data/indexes/collection_20251026_234621_89c63bf5;partitions;5
/data/parent_dir_dataset/collection_20251026_234621_89c63bf5;dataset1248.csv;/data/indexes/collection_20251026_234621_89c63bf5;partitions;5
/data/parent_dir_dataset/collection_20251026_234621_89c63bf5;dataset1249.csv;/data/indexes/collection_20251026_234621_89c63bf5;partitions;5
/data/parent_dir_dataset/collection_20251026_234621_89c63bf5;dataset1250.csv;/data/indexes/collection_20251026_234621_89c63bf5;partitions;5
/data/parent_dir_dataset/collection_20251026_234621_89c63bf5;dataset1401.csv;/data/indexes/collection_20251026_234621_89c63bf5;partitions;5
/data/parent_dir_dataset/collection_20251026_234621_89c63bf5;dataset1402.csv;/data/indexes/collection_20251026_234621_89c63bf5;partitions;5
/data/parent_dir_dataset/collection_20251026_234621_89c63bf5;dataset1403.csv;/data/indexes/collection_20251026_234621_89c63bf5;partitions;5
/data/parent_dir_dataset/collection_20251026_234621_89c63bf5;dataset1404.csv;/data/indexes/collection_20251026_234621_89c63bf5;partitions;5
/data/parent_dir_dataset/collection_20251026_234621_89c63bf5;dataset1405.csv;/data/indexes/collection_20251026_234621_89c63bf5;partitions;5
/data/parent_dir_dataset/collection_20251026_234621_89c63bf5;dataset1406.csv;/data/indexes/collection_20251026_234621_89c63bf5;partitions;5
/data/parent_dir_dataset/collection_20251026_234621_89c63bf5;dataset1407.csv;/data/indexes/collection_20251026_234621_89c63bf5;partitions;5
/data/parent_dir_dataset/collection_20251026_234621_89c63bf5;dataset1408.csv;/data/indexes/collection_20251026_234621_89c63bf5;partitions;5
/data/parent_dir_dataset/collection_20251026_234621_89c63bf5;dataset1409.csv;/data/indexes/collection_20251026_234621_89c63bf5;partitions;5
/data/parent_dir_dataset/collection_20251026_234621_89c63bf5;dataset1410.csv;/data/indexes/collection_20251026_234621_89c63bf5;partitions;5
/data/parent_dir_dataset/collection_20251026_234621_89c63bf5;dataset1411.csv;/data/indexes/collection_20251026_234621_89c63bf5;partitions;5
/data/parent_dir_dataset/collection_20251026_234621_89c63bf5;dataset1412.csv;/data/indexes/collection_20251026_234621_89c63bf5;partitions;5
/data/parent_dir_dataset/collection_20251026_234621_89c63bf5;dataset1413.csv;/data/indexes/collection_20251026_234621_89c63bf5;partitions;5
/data/parent_dir_dataset/collection_20251026_234621_89c63bf5;dataset1414.csv;/data/indexes/collection_20251026_234621_89c63bf5;partitions;5
/data/parent_dir_dataset/collection_20251026_234621_89c63bf5;dataset1415.csv;/data/indexes/collection_20251026_234621_89c63bf5;partitions;5
/data/parent_dir_dataset/collection_20251026_234621_89c63bf5;dataset1416.csv;/data/indexes/collection_20251026_234621_89c63bf5;partitions;5
/data/parent_dir_dataset/collection_20251026_234621_89c63bf5;dataset1417.csv;/data/indexes/collection_20251026_234621_89c63bf5;partitions;5
/data/parent_dir_dataset/collection_20251026_234621_89c63bf5;dataset1418.csv;/data/indexes/collection_20251026_234621_89c63bf5;partitions;5
/data/parent_dir_dataset/collection_20251026_234621_89c63bf5;dataset1419.csv;/data/indexes/collection_20251026_234621_89c63bf5;partitions;5
/data/parent_dir_dataset/collection_20251026_234621_89c63bf5;dataset1420.csv;/data/indexes/collection_20251026_234621_89c63bf5;partitions;5
/data/parent_dir_dataset/collection_20251026_234621_89c63bf5;dataset1421.csv;/data/indexes/collection_20251026_234621_89c63bf5;partitions;5
/data/parent_dir_dataset/collection_20251026_234621_89c63bf5;dataset1422.csv;/data/indexes/collection_20251026_234621_89c63bf5;partitions;5
/data/parent_dir_dataset/collection_20251026_234621_89c63bf5;dataset1423.csv;/data/indexes/collection_20251026_234621_89c63bf5;partitions;5
/data/parent_dir_dataset/collection_20251026_234621_89c63bf5;dataset1424.csv;/data/indexes/collection_20251026_234621_89c63bf5;partitions;5
/data/parent_dir_dataset/collection_20251026_234621_89c63bf5;dataset1425.csv;/data/indexes/collection_20251026_234621_89c63bf5;partitions;5
/data/parent_dir_dataset/collection_20251026_234621_89c63bf5;dataset1426.csv;/data/indexes/collection_20251026_234621_89c63bf5;partitions;5
/data/parent_dir_dataset/collection_20251026_234621_89c63bf5;dataset1427.csv;/data/indexes/collection_20251026_234621_89c63bf5;partitions;5
/data/parent_dir_dataset/collection_20251026_234621_89c63bf5;dataset1428.csv;/data/indexes/collection_20251026_234621_89c63bf5;partitions;5
/data/parent_dir_dataset/collection_20251026_234621_89c63bf5;dataset1429.csv;/data/indexes/collection_20251026_234621_89c63bf5;partitions;5
/data/parent_dir_dataset/collection_20251026_234621_89c63bf5;dataset1430.csv;/data/indexes/collection_20251026_234621_89c63bf5;partitions;5
/data/parent_dir_dataset/collection_20251026_234621_89c63bf5;dataset1431.csv;/data/indexes/collection_20251026_234621_89c63bf5;partitions;5
/data/parent_dir_dataset/collection_20251026_234621_89c63bf5;dataset1432.csv;/data/indexes/collection_20251026_234621_89c63bf5;partitions;5
/data/parent_dir_dataset/collection_20251026_234621_89c63bf5;dataset1433.csv;/data/indexes/collection_20251026_234621_89c63bf5;partitions;5
/data/parent_dir_dataset/collection_20251026_234621_89c63bf5;dataset1434.csv;/data/indexes/collection_20251026_234621_89c63bf5;partitions;5
/data/parent_dir_dataset/collection_20251026_234621_89c63bf5;dataset1435.csv;/data/indexes/collection_20251026_234621_89c63bf5;partitions;5
/data/parent_dir_dataset/collection_20251026_234621_89c63bf5;dataset1436.csv;/data/indexes/collection_20251026_234621_89c63bf5;partitions;5
/data/parent_dir_dataset/collection_20251026_234621_89c63bf5;dataset1437.csv;/data/indexes/collection_20251026_234621_89c63bf5;partitions;5
/data/parent_dir_dataset/collection_20251026_234621_89c63bf5;dataset1438.csv;/data/indexes/collection_20251026_234621_89c63bf5;partitions;5
/data/parent_dir_dataset/collection_20251026_234621_89c63bf5;dataset1439.csv;/data/indexes/collection_20251026_234621_89c63bf5;partitions;5
/data/parent_dir_dataset/collection_20251026_234621_89c63bf5;dataset1440.csv;/data/indexes/collection_20251026_234621_89c63bf5;partitions;5
/data/parent_dir_dataset/collection_20251026_234621_89c63bf5;dataset1441.csv;/data/indexes/collection_20251026_234621_89c63bf5;partitions;5
/data/parent_dir_dataset/collection_20251026_234621_89c63bf5;dataset1442.csv;/data/indexes/collection_20251026_234621_89c63bf5;partitions;5
/data/parent_dir_dataset/collection_20251026_234621_89c63bf5;dataset1443.csv;/data/indexes/collection_20251026_234621_89c63bf5;partitions;5
/data/parent_dir_dataset/collection_20251026_234621_89c63bf5;dataset1444.csv;/data/indexes/collection_20251026_234621_89c63bf5;partitions;5
/data/parent_dir_dataset/collection_20251026_234621_89c63bf5;dataset1445.csv;/data/indexes/collection_20251026_234621_89c63bf5;partitions;5
/data/parent_dir_dataset/collection_20251026_234621_89c63bf5;dataset1446.csv;/data/indexes/collection_20251026_234621_89c63bf5;partitions;5
/data/parent_dir_dataset/collection_20251026_234621_89c63bf5;dataset1447.csv;/data/indexes/collection_20251026_234621_89c63bf5;partitions;5
/data/parent_dir_dataset/collection_20251026_234621_89c63bf5;dataset1448.csv;/data/indexes/collection_20251026_234621_89c63bf5;partitions;5
/data/parent_dir_dataset/collection_20251026_234621_89c63bf5;dataset1449.csv;/data/indexes/collection_20251026_234621_89c63bf5;partitions;5
/data/parent_dir_dataset/collection_20251026_234621_89c63bf5;dataset1450.csv;/data/indexes/collection_20251026_234621_89c63bf5;partitions;5
/data/parent_dir_dataset/collection_20251026_234621_89c63bf5;dataset1601.csv;/data/indexes/collection_20251026_234621_89c63bf5;partitions;5
/data/parent_dir_dataset/collection_20251026_234621_89c63bf5;dataset1602.csv;/data/indexes/collection_20251026_234621_89c63bf5;partitions;5
/data/parent_dir_dataset/collection_20251026_234621_89c63bf5;dataset1603.csv;/data/indexes/collection_20251026_234621_89c63bf5;partitions;5
/data/parent_dir_dataset/collection_20251026_234621_89c63bf5;dataset1604.csv;/data/indexes/collection_20251026_234621_89c63bf5;partitions;5
/data/parent_dir_dataset/collection_20251026_234621_89c63bf5;dataset1605.csv;/data/indexes/collection_20251026_234621_89c63bf5;partitions;5
/data/parent_dir_dataset/collection_20251026_234621_89c63bf5;dataset1606.csv;/data/indexes/collection_20251026_234621_89c63bf5;partitions;5
/data/parent_dir_dataset/collection_20251026_234621_89c63bf5;dataset1607.csv;/data/indexes/collection_20251026_234621_89c63bf5;partitions;5
/data/parent_dir_dataset/collection_20251026_234621_89c63bf5;dataset1608.csv;/data/indexes/collection_20251026_234621_89c63bf5;partitions;5
/data/parent_dir_dataset/collection_20251026_234621_89c63bf5;dataset1609.csv;/data/indexes/collection_20251026_234621_89c63bf5;partitions;5
/data/parent_dir_dataset/collection_20251026_234621_89c63bf5;dataset1610.csv;/data/indexes/collection_20251026_234621_89c63bf5;partitions;5
/data/parent_dir_dataset/collection_20251026_234621_89c63bf5;dataset1611.csv;/data/indexes/collection_20251026_234621_89c63bf5;partitions;5
/data/parent_dir_dataset/collection_20251026_234621_89c63bf5;dataset1612.csv;/data/indexes/collection_20251026_234621_89c63bf5;partitions;5
/data/parent_dir_dataset/collection_20251026_234621_89c63bf5;dataset1613.csv;/data/indexes/collection_20251026_234621_89c63bf5;partitions;5
/data/parent_dir_dataset/collection_20251026_234621_89c63bf5;dataset1614.csv;/data/indexes/collection_20251026_234621_89c63bf5;partitions;5
/data/parent_dir_dataset/collection_20251026_234621_89c63bf5;dataset1615.csv;/data/indexes/collection_20251026_234621_89c63bf5;partitions;5
/data/parent_dir_dataset/collection_20251026_234621_89c63bf5;dataset1616.csv;/data/indexes/collection_20251026_234621_89c63bf5;partitions;5
/data/parent_dir_dataset/collection_20251026_234621_89c63bf5;dataset1617.csv;/data/indexes/collection_20251026_234621_89c63bf5;partitions;5
/data/parent_dir_dataset/collection_20251026_234621_89c63bf5;dataset1618.csv;/data/indexes/collection_20251026_234621_89c63bf5;partitions;5
/data/parent_dir_dataset/collection_20251026_234621_89c63bf5;dataset1619.csv;/data/indexes/collection_20251026_234621_89c63bf5;partitions;5
/data/parent_dir_dataset/collection_20251026_234621_89c63bf5;dataset1620.csv;/data/indexes/collection_20251026_234621_89c63bf5;partitions;5
/data/parent_dir_dataset/collection_20251026_234621_89c63bf5;dataset1621.csv;/data/indexes/collection_20251026_234621_89c63bf5;partitions;5
/data/parent_dir_dataset/collection_20251026_234621_89c63bf5;dataset1622.csv;/data/indexes/collection_20251026_234621_89c63bf5;partitions;5
/data/parent_dir_dataset/collection_20251026_234621_89c63bf5;dataset1623.csv;/data/indexes/collection_20251026_234621_89c63bf5;partitions;5
/data/parent_dir_dataset/collection_20251026_234621_89c63bf5;dataset1624.csv;/data/indexes/collection_20251026_234621_89c63bf5;partitions;5
/data/parent_dir_dataset/collection_20251026_234621_89c63bf5;dataset1625.csv;/data/indexes/collection_20251026_234621_89c63bf5;partitions;5
/data/parent_dir_dataset/collection_20251026_234621_89c63bf5;dataset1626.csv;/data/indexes/collection_20251026_234621_89c63bf5;partitions;5
/data/parent_dir_dataset/collection_20251026_234621_89c63bf5;dataset1627.csv;/data/indexes/collection_20251026_234621_89c63bf5;partitions;5
/data/parent_dir_dataset/collection_20251026_234621_89c63bf5;dataset1628.csv;/data/indexes/collection_20251026_234621_89c63bf5;partitions;5
/data/parent_dir_dataset/collection_20251026_234621_89c63bf5;dataset1629.csv;/data/indexes/collection_20251026_234621_89c63bf5;partitions;5
/data/parent_dir_dataset/collection_20251026_234621_89c63bf5;dataset1630.csv;/data/indexes/collection_20251026_234621_89c63bf5;partitions;5
/data/parent_dir_dataset/collection_20251026_234621_89c63bf5;dataset1631.csv;/data/indexes/collection_20251026_234621_89c63bf5;partitions;5
/data/parent_dir_dataset/collection_20251026_234621_89c63bf5;dataset1632.csv;/data/indexes/collection_20251026_234621_89c63bf5;partitions;5
/data/parent_dir_dataset/collection_20251026_234621_89c63bf5;dataset1633.csv;/data/indexes/collection_20251026_234621_89c63bf5;partitions;5
/data/parent_dir_dataset/collection_20251026_234621_89c63bf5;dataset1634.csv;/data/indexes/collection_20251026_234621_89c63bf5;partitions;5
/data/parent_dir_dataset/collection_20251026_234621_89c63bf5;dataset1635.csv;/data/indexes/collection_20251026_234621_89c63bf5;partitions;5
/data/parent_dir_dataset/collection_20251026_234621_89c63bf5;dataset1636.csv;/data/indexes/collection_20251026_234621_89c63bf5;partitions;5
/data/parent_dir_dataset/collection_20251026_234621_89c63bf5;dataset1637.csv;/data/indexes/collection_20251026_234621_89c63bf5;partitions;5
/data/parent_dir_dataset/collection_20251026_234621_89c63bf5;dataset1638.csv;/data/indexes/collection_20251026_234621_89c63bf5;partitions;5
/data/parent_dir_dataset/collection_20251026_234621_89c63bf5;dataset1639.csv;/data/indexes/collection_20251026_234621_89c63bf5;partitions;5
/data/parent_dir_dataset/collection_20251026_234621_89c63bf5;dataset1640.csv;/data/indexes/collection_20251026_234621_89c63bf5;partitions;5
/data/parent_dir_dataset/collection_20251026_234621_89c63bf5;dataset1641.csv;/data/indexes/collection_20251026_234621_89c63bf5;partitions;5
/data/parent_dir_dataset/collection_20251026_234621_89c63bf5;dataset1642.csv;/data/indexes/collection_20251026_234621_89c63bf5;partitions;5
/data/parent_dir_dataset/collection_20251026_234621_89c63bf5;dataset1643.csv;/data/indexes/collection_20251026_234621_89c63bf5;partitions;5
/data/parent_dir_dataset/collection_20251026_234621_89c63bf5;dataset1644.csv;/data/indexes/collection_20251026_234621_89c63bf5;partitions;5
/data/parent_dir_dataset/collection_20251026_234621_89c63bf5;dataset1645.csv;/data/indexes/collection_20251026_234621_89c63bf5;partitions;5
/data/parent_dir_dataset/collection_20251026_234621_89c63bf5;dataset1646.csv;/data/indexes/collection_20251026_234621_89c63bf5;partitions;5
/data/parent_dir_dataset/collection_20251026_234621_89c63bf5;dataset1647.csv;/data/indexes/collection_20251026_234621_89c63bf5;partitions;5
/data/parent_dir_dataset/collection_20251026_234621_89c63bf5;dataset1648.csv;/data/indexes/collection_20251026_234621_89c63bf5;partitions;5
/data/parent_dir_dataset/collection_20251026_234621_89c63bf5;dataset1649.csv;/data/indexes/collection_20251026_234621_89c63bf5;partitions;5
/data/parent_dir_dataset/collection_20251026_234621_89c63bf5;dataset1650.csv;/data/indexes/collection_20251026_234621_89c63bf5;partitions;5
/data/parent_dir_dataset/collection_20251026_234621_89c63bf5;dataset1801.csv;/data/indexes/collection_20251026_234621_89c63bf5;partitions;5
/data/parent_dir_dataset/collection_20251026_234621_89c63bf5;dataset1802.csv;/data/indexes/collection_20251026_234621_89c63bf5;partitions;5
/data/parent_dir_dataset/collection_20251026_234621_89c63bf5;dataset1803.csv;/data/indexes/collection_20251026_234621_89c63bf5;partitions;5
/data/parent_dir_dataset/collection_20251026_234621_89c63bf5;dataset1804.csv;/data/indexes/collection_20251026_234621_89c63bf5;partitions;5
/data/parent_dir_dataset/collection_20251026_234621_89c63bf5;dataset1805.csv;/data/indexes/collection_20251026_234621_89c63bf5;partitions;5
/data/parent_dir_dataset/collection_20251026_234621_89c63bf5;dataset1806.csv;/data/indexes/collection_20251026_234621_89c63bf5;partitions;5
/data/parent_dir_dataset/collection_20251026_234621_89c63bf5;dataset1807.csv;/data/indexes/collection_20251026_234621_89c63bf5;partitions;5
/data/parent_dir_dataset/collection_20251026_234621_89c63bf5;dataset1808.csv;/data/indexes/collection_20251026_234621_89c63bf5;partitions;5
/data/parent_dir_dataset/collection_20251026_234621_89c63bf5;dataset1809.csv;/data/indexes/collection_20251026_234621_89c63bf5;partitions;5
/data/parent_dir_dataset/collection_20251026_234621_89c63bf5;dataset1810.csv;/data/indexes/collection_20251026_234621_89c63bf5;partitions;5
/data/parent_dir_dataset/collection_20251026_234621_89c63bf5;dataset1811.csv;/data/indexes/collection_20251026_234621_89c63bf5;partitions;5
/data/parent_dir_dataset/collection_20251026_234621_89c63bf5;dataset1812.csv;/data/indexes/collection_20251026_234621_89c63bf5;partitions;5
/data/parent_dir_dataset/collection_20251026_234621_89c63bf5;dataset1813.csv;/data/indexes/collection_20251026_234621_89c63bf5;partitions;5
/data/parent_dir_dataset/collection_20251026_234621_89c63bf5;dataset1814.csv;/data/indexes/collection_20251026_234621_89c63bf5;partitions;5
/data/parent_dir_dataset/collection_20251026_234621_89c63bf5;dataset1815.csv;/data/indexes/collection_20251026_234621_89c63bf5;partitions;5
/data/parent_dir_dataset/collection_20251026_234621_89c63bf5;dataset1816.csv;/data/indexes/collection_20251026_234621_89c63bf5;partitions;5
/data/parent_dir_dataset/collection_20251026_234621_89c63bf5;dataset1817.csv;/data/indexes/collection_20251026_234621_89c63bf5;partitions;5
/data/parent_dir_dataset/collection_20251026_234621_89c63bf5;dataset1818.csv;/data/indexes/collection_20251026_234621_89c63bf5;partitions;5
/data/parent_dir_dataset/collection_20251026_234621_89c63bf5;dataset1819.csv;/data/indexes/collection_20251026_234621_89c63bf5;partitions;5
/data/parent_dir_dataset/collection_20251026_234621_89c63bf5;dataset1820.csv;/data/indexes/collection_20251026_234621_89c63bf5;partitions;5
/data/parent_dir_dataset/collection_20251026_234621_89c63bf5;dataset1821.csv;/data/indexes/collection_20251026_234621_89c63bf5;partitions;5
/data/parent_dir_dataset/collection_20251026_234621_89c63bf5;dataset1822.csv;/data/indexes/collection_20251026_234621_89c63bf5;partitions;5
/data/parent_dir_dataset/collection_20251026_234621_89c63bf5;dataset1823.csv;/data/indexes/collection_20251026_234621_89c63bf5;partitions;5
/data/parent_dir_dataset/collection_20251026_234621_89c63bf5;dataset1824.csv;/data/indexes/collection_20251026_234621_89c63bf5;partitions;5
/data/parent_dir_dataset/collection_20251026_234621_89c63bf5;dataset1825.csv;/data/indexes/collection_20251026_234621_89c63bf5;partitions;5
/data/parent_dir_dataset/collection_20251026_234621_89c63bf5;dataset1826.csv;/data/indexes/collection_20251026_234621_89c63bf5;partitions;5
/data/parent_dir_dataset/collection_20251026_234621_89c63bf5;dataset1827.csv;/data/indexes/collection_20251026_234621_89c63bf5;partitions;5
/data/parent_dir_dataset/collection_20251026_234621_89c63bf5;dataset1828.csv;/data/indexes/collection_20251026_234621_89c63bf5;partitions;5
/data/parent_dir_dataset/collection_20251026_234621_89c63bf5;dataset1829.csv;/data/indexes/collection_20251026_234621_89c63bf5;partitions;5
/data/parent_dir_dataset/collection_20251026_234621_89c63bf5;dataset1830.csv;/data/indexes/collection_20251026_234621_89c63bf5;partitions;5
/data/parent_dir_dataset/collection_20251026_234621_89c63bf5;dataset1831.csv;/data/indexes/collection_20251026_234621_89c63bf5;partitions;5
/data/parent_dir_dataset/collection_20251026_234621_89c63bf5;dataset1832.csv;/data/indexes/collection_20251026_234621_89c63bf5;partitions;5
/data/parent_dir_dataset/collection_20251026_234621_89c63bf5;dataset1833.csv;/data/indexes/collection_20251026_234621_89c63bf5;partitions;5
/data/parent_dir_dataset/collection_20251026_234621_89c63bf5;dataset1834.csv;/data/indexes/collection_20251026_234621_89c63bf5;partitions;5
/data/parent_dir_dataset/collection_20251026_234621_89c63bf5;dataset1835.csv;/data/indexes/collection_20251026_234621_89c63bf5;partitions;5
/data/parent_dir_dataset/collection_20251026_234621_89c63bf5;dataset1836.csv;/data/indexes/collection_20251026_234621_89c63bf5;partitions;5
/data/parent_dir_dataset/collection_20251026_234621_89c63bf5;dataset1837.csv;/data/indexes/collection_20251026_234621_89c63bf5;partitions;5
/data/parent_dir_dataset/collection_20251026_234621_89c63bf5;dataset1838.csv;/data/indexes/collection_20251026_234621_89c63bf5;partitions;5
/data/parent_dir_dataset/collection_20251026_234621_89c63bf5;dataset1839.csv;/data/indexes/collection_20251026_234621_89c63bf5;partitions;5
/data/parent_dir_dataset/collection_20251026_234621_89c63bf5;dataset1840.csv;/data/indexes/collection_20251026_234621_89c63bf5;partitions;5
/data/parent_dir_dataset/collection_20251026_234621_89c63bf5;dataset1841.csv;/data/indexes/collection_20251026_234621_89c63bf5;partitions;5
/data/parent_dir_dataset/collection_20251026_234621_89c63bf5;dataset1842.csv;/data/indexes/collection_20251026_234621_89c63bf5;partitions;5
/data/parent_dir_dataset/collection_20251026_234621_89c63bf5;dataset1843.csv;/data/indexes/collection_20251026_234621_89c63bf5;partitions;5
/data/parent_dir_dataset/collection_20251026_234621_89c63bf5;dataset1844.csv;/data/indexes/collection_20251026_234621_89c63bf5;partitions;5
/data/parent_dir_dataset/collection_20251026_234621_89c63bf5;dataset1845.csv;/data/indexes/collection_20251026_234621_89c63bf5;partitions;5
/data/parent_dir_dataset/collection_20251026_234621_89c63bf5;dataset1846.csv;/data/indexes/collection_20251026_234621_89c63bf5;partitions;5
/data/parent_dir_dataset/collection_20251026_234621_89c63bf5;dataset1847.csv;/data/indexes/collection_20251026_234621_89c63bf5;partitions;5
/data/parent_dir_dataset/collection_20251026_234621_89c63bf5;dataset1848.csv;/data/indexes/collection_20251026_234621_89c63bf5;partitions;5
/data/parent_dir_dataset/collection_20251026_234621_89c63bf5;dataset1849.csv;/data/indexes/collection_20251026_234621_89c63bf5;partitions;5
/data/parent_dir_dataset/collection_20251026_234621_89c63bf5;dataset1850.csv;/data/indexes/collection_20251026_234621_89c63bf5;partitions;5
